{"credit":"Made with Blockbench","texture_size":[64,64],"textures":{"0":"customhatsv2:hats/night_vision_goggles_hat_texture","particle":"customhatsv2:hats/night_vision_goggles_hat_texture"},"elements":[{"from":[11.25,2.75,-0.25],"to":[11.25,5.25,2],"rotation":{"angle":0,"axis":"y","origin":[10.5,4,-1]},"faces":{"north":{"uv":[8.25,5.75,8.25,6.5],"texture":"#0"},"east":{"uv":[6,0,6.5,0.75],"texture":"#0"},"south":{"uv":[8.25,6.75,8.25,7.5],"texture":"#0"},"west":{"uv":[1,6,1.5,6.75],"texture":"#0"},"up":{"uv":[7.5,8.75,7.5,8.25],"texture":"#0"},"down":{"uv":[7.75,8.25,7.75,8.75],"texture":"#0"}}},{"from":[8.75,5.25,-0.25],"to":[11.25,5.25,2],"rotation":{"angle":0,"axis":"y","origin":[10.5,4,-1]},"faces":{"north":{"uv":[8.75,6.5,9.5,6.5],"texture":"#0"},"east":{"uv":[8.75,6.75,9.25,6.75],"texture":"#0"},"south":{"uv":[8.75,7,9.5,7],"texture":"#0"},"west":{"uv":[8.75,7.25,9.25,7.25],"texture":"#0"},"up":{"uv":[6.25,7.25,5.5,6.75],"texture":"#0"},"down":{"uv":[7.25,6.75,6.5,7.25],"texture":"#0"}}},{"from":[8.75,2.75,-0.25],"to":[11.25,5.25,-0.25],"rotation":{"angle":0,"axis":"y","origin":[10.5,4,-1]},"faces":{"north":{"uv":[5,0.75,5.75,1.5],"texture":"#0"},"east":{"uv":[8.25,7.75,8.25,8.5],"texture":"#0"},"south":{"uv":[3.75,5,4.5,5.75],"texture":"#0"},"west":{"uv":[8,8.25,8,9],"texture":"#0"},"up":{"uv":[9,5,8.25,5],"texture":"#0"},"down":{"uv":[9.25,2.25,8.5,2.25],"texture":"#0"}}},{"from":[8.75,2.75,-0.25],"to":[8.75,5.25,2],"rotation":{"angle":0,"axis":"y","origin":[10.5,4,-1]},"faces":{"north":{"uv":[7.25,8.5,7.25,9.25],"texture":"#0"},"east":{"uv":[4.75,6,5.25,6.75],"texture":"#0"},"south":{"uv":[8.5,7.5,8.5,8.25],"texture":"#0"},"west":{"uv":[0,6.25,0.5,7],"texture":"#0"},"up":{"uv":[8.5,9,8.5,8.5],"texture":"#0"},"down":{"uv":[1.75,8.75,1.75,9.25],"texture":"#0"}}},{"from":[8.75,2.75,-0.25],"to":[11.25,2.75,2],"rotation":{"angle":0,"axis":"y","origin":[10.5,1.5,-1]},"faces":{"north":{"uv":[8.75,2,9.5,2],"texture":"#0"},"east":{"uv":[8.75,2.5,9.25,2.5],"texture":"#0"},"south":{"uv":[2.75,8.75,3.5,8.75],"texture":"#0"},"west":{"uv":[8.75,2.75,9.25,2.75],"texture":"#0"},"up":{"uv":[7.25,3.5,6.5,3],"texture":"#0"},"down":{"uv":[7.25,3.75,6.5,4.25],"texture":"#0"}}},{"from":[4.75,2.75,-0.25],"to":[7.25,2.75,2],"rotation":{"angle":0,"axis":"y","origin":[5.5,1.5,-1]},"faces":{"north":{"uv":[8.75,4.75,9.5,4.75],"texture":"#0"},"east":{"uv":[8.75,5.75,9.25,5.75],"texture":"#0"},"south":{"uv":[8.75,6,9.5,6],"texture":"#0"},"west":{"uv":[8.75,6.25,9.25,6.25],"texture":"#0"},"up":{"uv":[7.25,6.5,6.5,6],"texture":"#0"},"down":{"uv":[7.5,0,6.75,0.5],"texture":"#0"}}},{"from":[4.75,2.75,-0.25],"to":[7.25,5.25,-0.25],"rotation":{"angle":0,"axis":"y","origin":[5.5,4,-1]},"faces":{"north":{"uv":[4.75,5,5.5,5.75],"texture":"#0"},"east":{"uv":[8.5,2.5,8.5,3.25],"texture":"#0"},"south":{"uv":[0,5.25,0.75,6],"texture":"#0"},"west":{"uv":[5.5,8.5,5.5,9.25],"texture":"#0"},"up":{"uv":[9.25,3.5,8.5,3.5],"texture":"#0"},"down":{"uv":[9.25,4,8.5,4],"texture":"#0"}}},{"from":[4.75,5.25,-0.25],"to":[7.25,5.25,2],"rotation":{"angle":0,"axis":"y","origin":[5.5,4,-1]},"faces":{"north":{"uv":[8.75,3,9.5,3],"texture":"#0"},"east":{"uv":[8.75,3.25,9.25,3.25],"texture":"#0"},"south":{"uv":[4.25,8.75,5,8.75],"texture":"#0"},"west":{"uv":[8.75,4.5,9.25,4.5],"texture":"#0"},"up":{"uv":[7.25,5,6.5,4.5],"texture":"#0"},"down":{"uv":[7.25,5.25,6.5,5.75],"texture":"#0"}}},{"from":[4.75,2.75,-0.25],"to":[4.75,5.25,2],"rotation":{"angle":0,"axis":"y","origin":[5.5,4,-1]},"faces":{"north":{"uv":[5.75,8.5,5.75,9.25],"texture":"#0"},"east":{"uv":[1.75,6,2.25,6.75],"texture":"#0"},"south":{"uv":[8.5,5.75,8.5,6.5],"texture":"#0"},"west":{"uv":[2.5,6,3,6.75],"texture":"#0"},"up":{"uv":[6,9,6,8.5],"texture":"#0"},"down":{"uv":[6.25,8.5,6.25,9],"texture":"#0"}}},{"from":[7.25,2.75,-0.25],"to":[7.25,5.25,2],"rotation":{"angle":0,"axis":"y","origin":[5.5,4,-1]},"faces":{"north":{"uv":[6.5,8.5,6.5,9.25],"texture":"#0"},"east":{"uv":[3.25,6,3.75,6.75],"texture":"#0"},"south":{"uv":[6.75,8.5,6.75,9.25],"texture":"#0"},"west":{"uv":[4,6,4.5,6.75],"texture":"#0"},"up":{"uv":[8.5,7.25,8.5,6.75],"texture":"#0"},"down":{"uv":[7,8.5,7,9],"texture":"#0"}}},{"from":[4.5,2.5,2],"to":[7.5,5.5,3],"rotation":{"angle":0,"axis":"y","origin":[6,4,1]},"faces":{"north":{"uv":[4.75,3,5.5,3.75],"texture":"#0"},"east":{"uv":[4.75,7.75,5,8.5],"texture":"#0"},"south":{"uv":[4.75,4,5.5,4.75],"texture":"#0"},"west":{"uv":[0,8,0.25,8.75],"texture":"#0"},"up":{"uv":[8.75,1.75,8,1.5],"texture":"#0"},"down":{"uv":[8.75,5.25,8,5.5],"texture":"#0"}}},{"from":[8.5,2.5,2],"to":[11.5,5.5,3],"rotation":{"angle":0,"axis":"y","origin":[10,4,1]},"faces":{"north":{"uv":[1.75,4.25,2.5,5],"texture":"#0"},"east":{"uv":[2.75,7.75,3,8.5],"texture":"#0"},"south":{"uv":[2.75,4.5,3.5,5.25],"texture":"#0"},"west":{"uv":[3.25,7.75,3.5,8.5],"texture":"#0"},"up":{"uv":[8.5,1.25,7.75,1],"texture":"#0"},"down":{"uv":[4.5,7.75,3.75,8],"texture":"#0"}}},{"from":[9,3,0],"to":[11,5,2],"rotation":{"angle":0,"axis":"y","origin":[10.5,4,-1]},"faces":{"north":{"uv":[7,0.75,7.5,1.25],"texture":"#0"},"east":{"uv":[1.75,7,2.25,7.5],"texture":"#0"},"south":{"uv":[2.5,7,3,7.5],"texture":"#0"},"west":{"uv":[3.25,7,3.75,7.5],"texture":"#0"},"up":{"uv":[4.5,7.5,4,7],"texture":"#0"},"down":{"uv":[5.25,7,4.75,7.5],"texture":"#0"}}},{"from":[5,3,0],"to":[7,5,2],"rotation":{"angle":0,"axis":"y","origin":[5.5,4,-1]},"faces":{"north":{"uv":[0,7.25,0.5,7.75],"texture":"#0"},"east":{"uv":[7.25,1.5,7.75,2],"texture":"#0"},"south":{"uv":[7.5,2.25,8,2.75],"texture":"#0"},"west":{"uv":[7.5,3,8,3.5],"texture":"#0"},"up":{"uv":[8,4.25,7.5,3.75],"texture":"#0"},"down":{"uv":[8,4.5,7.5,5],"texture":"#0"}}},{"from":[3.25,3.5,6],"to":[3.25,5.5,12.75],"rotation":{"angle":0,"axis":"y","origin":[2.25,3.5,5]},"faces":{"north":{"uv":[5.5,2.25,5.5,2.75],"texture":"#0"},"east":{"uv":[3,0.75,4.75,1.25],"texture":"#0"},"south":{"uv":[5.75,0,5.75,0.5],"texture":"#0"},"west":{"uv":[3,1.5,4.75,2],"texture":"#0"},"up":{"uv":[0.75,10,0.75,8.25],"texture":"#0"},"down":{"uv":[1,8.25,1,10],"texture":"#0"}}},{"from":[3.25,3.5,12.75],"to":[12.75,5.5,12.75],"rotation":{"angle":0,"axis":"y","origin":[2.25,3.5,5]},"faces":{"north":{"uv":[0.75,2.75,3.25,3.25],"texture":"#0"},"east":{"uv":[8.25,2.25,8.25,2.75],"texture":"#0"},"south":{"uv":[3,0,5.5,0.5],"texture":"#0"},"west":{"uv":[8.25,3,8.25,3.5],"texture":"#0"},"up":{"uv":[10.75,0.75,8.25,0.75],"texture":"#0"},"down":{"uv":[10.75,3.75,8.25,3.75],"texture":"#0"}}},{"from":[12.75,3.5,6],"to":[12.75,5.5,12.75],"rotation":{"angle":0,"axis":"y","origin":[13.75,3.5,5]},"faces":{"north":{"uv":[5.5,6,5.5,6.5],"texture":"#0"},"east":{"uv":[0.75,3.5,2.5,4],"texture":"#0"},"south":{"uv":[0.75,6.25,0.75,6.75],"texture":"#0"},"west":{"uv":[3.5,2.25,5.25,2.75],"texture":"#0"},"up":{"uv":[1.25,10,1.25,8.25],"texture":"#0"},"down":{"uv":[1.5,8.25,1.5,10],"texture":"#0"}}},{"from":[7,9,3.25],"to":[9,9,12.75],"rotation":{"angle":0,"axis":"y","origin":[10,8,2.25]},"faces":{"north":{"uv":[8,2,8.5,2],"texture":"#0"},"east":{"uv":[8.25,0,10.75,0],"texture":"#0"},"south":{"uv":[8.25,0.25,8.75,0.25],"texture":"#0"},"west":{"uv":[8.25,0.5,10.75,0.5],"texture":"#0"},"up":{"uv":[2.75,2.5,2.25,0],"texture":"#0"},"down":{"uv":[0.5,2.5,0,5],"texture":"#0"}}},{"from":[7,5.5,12.75],"to":[9,9,12.75],"rotation":{"angle":0,"axis":"y","origin":[10,8,13.75]},"faces":{"north":{"uv":[5.75,2.25,6.25,3.25],"texture":"#0"},"east":{"uv":[8,5.75,8,6.75],"texture":"#0"},"south":{"uv":[5.75,3.5,6.25,4.5],"texture":"#0"},"west":{"uv":[8,7,8,8],"texture":"#0"},"up":{"uv":[1.5,5.25,1,5.25],"texture":"#0"},"down":{"uv":[2.25,5.25,1.75,5.25],"texture":"#0"}}},{"from":[7,6,3.25],"to":[9,9,3.25],"rotation":{"angle":0,"axis":"y","origin":[10,8,2.25]},"faces":{"north":{"uv":[5.75,4.75,6.25,5.5],"texture":"#0"},"east":{"uv":[5.25,7.75,5.25,8.5],"texture":"#0"},"south":{"uv":[5.75,5.75,6.25,6.5],"texture":"#0"},"west":{"uv":[0.5,8,0.5,8.75],"texture":"#0"},"up":{"uv":[1.25,2.5,0.75,2.5],"texture":"#0"},"down":{"uv":[2,2.5,1.5,2.5],"texture":"#0"}}},{"from":[12,3,3],"to":[13,6,6],"rotation":{"angle":0,"axis":"y","origin":[14,4,2]},"faces":{"north":{"uv":[6.5,7.5,6.75,8.25],"texture":"#0"},"east":{"uv":[3.75,4,4.5,4.75],"texture":"#0"},"south":{"uv":[7,7.5,7.25,8.25],"texture":"#0"},"west":{"uv":[0.75,4.25,1.5,5],"texture":"#0"},"up":{"uv":[7.75,8,7.5,7.25],"texture":"#0"},"down":{"uv":[8,0,7.75,0.75],"texture":"#0"}}},{"from":[4,2,3],"to":[12,6,4],"rotation":{"angle":0,"axis":"y","origin":[10,4,2]},"faces":{"north":{"uv":[0,0,2,1],"texture":"#0"},"east":{"uv":[0.75,7,1,8],"texture":"#0"},"south":{"uv":[0,1.25,2,2.25],"texture":"#0"},"west":{"uv":[1.25,7,1.5,8],"texture":"#0"},"up":{"uv":[7,2,5,1.75],"texture":"#0"},"down":{"uv":[3,5.5,1,5.75],"texture":"#0"}}},{"from":[3,3,3],"to":[4,6,6],"rotation":{"angle":0,"axis":"y","origin":[2,4,2]},"faces":{"north":{"uv":[7.5,5.25,7.75,6],"texture":"#0"},"east":{"uv":[2.75,3.5,3.5,4.25],"texture":"#0"},"south":{"uv":[5.5,7.5,5.75,8.25],"texture":"#0"},"west":{"uv":[3.75,3,4.5,3.75],"texture":"#0"},"up":{"uv":[6.25,8.25,6,7.5],"texture":"#0"},"down":{"uv":[7.75,6.25,7.5,7],"texture":"#0"}}},{"from":[12.75,6,4],"to":[12.75,9,5],"rotation":{"angle":0,"axis":"y","origin":[13.75,7,3]},"faces":{"north":{"uv":[3.75,8.25,3.75,9],"texture":"#0"},"east":{"uv":[1.75,7.75,2,8.5],"texture":"#0"},"south":{"uv":[4,8.25,4,9],"texture":"#0"},"west":{"uv":[2.25,7.75,2.5,8.5],"texture":"#0"},"up":{"uv":[3.5,3.25,3.5,3],"texture":"#0"},"down":{"uv":[8.25,4,8.25,4.25],"texture":"#0"}}},{"from":[12.75,8,4],"to":[13.75,9,4],"rotation":{"angle":0,"axis":"y","origin":[13.75,7,3]},"faces":{"north":{"uv":[3,2.25,3.25,2.5],"texture":"#0"},"east":{"uv":[4.25,8.25,4.25,8.5],"texture":"#0"},"south":{"uv":[3.25,5.5,3.5,5.75],"texture":"#0"},"west":{"uv":[4.5,8.25,4.5,8.5],"texture":"#0"},"up":{"uv":[8.5,4.5,8.25,4.5],"texture":"#0"},"down":{"uv":[8.5,4.75,8.25,4.75],"texture":"#0"}}}],"gui_light":"front","display":{"thirdperson_righthand":{"translation":[0,1,-3],"scale":[0.9,0.9,0.9]},"thirdperson_lefthand":{"translation":[0,1,-3],"scale":[0.9,0.9,0.9]},"firstperson_righthand":{"rotation":[0,145,0],"translation":[11.25,1.75,-11.75]},"firstperson_lefthand":{"rotation":[0,145,0],"translation":[11.25,1.75,-11.75]},"ground":{"translation":[0,3,0],"scale":[0.9,0.9,0.9]},"gui":{"rotation":[22.5,150,0],"translation":[0.25,2.5,0]},"head":{"translation":[0,5.75,0],"scale":[1.6,1.6,1.6]},"fixed":{"rotation":[-90,0,0],"translation":[0,2.5,-12],"scale":[2,2,2]}}}