{"credit":"Made with Blockbench","texture_size":[64,64],"textures":{"0":"customhatsv1:hats/miner_hat_texture","particle":"customhatsv1:hats/miner_hat_texture"},"elements":[{"from":[3,1,2.5],"to":[13,2,12.5],"rotation":{"angle":0,"axis":"y","origin":[0,-6,-0.5]},"faces":{"north":{"uv":[7,3,9.5,3.25],"texture":"#0"},"east":{"uv":[7,3.25,9.5,3.5],"texture":"#0"},"south":{"uv":[7,3.5,9.5,3.75],"texture":"#0"},"west":{"uv":[7,3.75,9.5,4],"texture":"#0"},"up":{"uv":[2.5,2.5,0,0],"texture":"#0"},"down":{"uv":[2.5,2.5,0,5],"texture":"#0"}}},{"from":[3,-0.97487,11.26777],"to":[13,0.02513,13.26777],"rotation":{"angle":45,"axis":"x","origin":[8,-0.47487,14.26777]},"faces":{"north":{"uv":[7,4,9.5,4.25],"texture":"#0"},"east":{"uv":[7.5,0.25,8,0.5],"texture":"#0"},"south":{"uv":[7,4.25,9.5,4.5],"texture":"#0"},"west":{"uv":[7.5,0.5,8,0.75],"texture":"#0"},"up":{"uv":[7,5,4.5,4.5],"texture":"#0"},"down":{"uv":[2.5,5,0,5.5],"texture":"#0"}}},{"from":[3,-0.10999,0.9197],"to":[13,0.89001,2.9197],"rotation":{"angle":-22.5,"axis":"x","origin":[8,0.39001,-0.0803]},"faces":{"north":{"uv":[7,4.5,9.5,4.75],"texture":"#0"},"east":{"uv":[7.5,0.75,8,1],"texture":"#0"},"south":{"uv":[7,4.75,9.5,5],"texture":"#0"},"west":{"uv":[7.5,1,8,1.25],"texture":"#0"},"up":{"uv":[5,5.5,2.5,5],"texture":"#0"},"down":{"uv":[7.5,5,5,5.5],"texture":"#0"}}},{"from":[11.76777,-0.97487,2.5],"to":[13.76777,0.02513,12.5],"rotation":{"angle":-45,"axis":"z","origin":[14.76777,-0.47487,7.5]},"faces":{"north":{"uv":[7.5,1.25,8,1.5],"texture":"#0"},"east":{"uv":[7,6.25,9.5,6.5],"texture":"#0"},"south":{"uv":[7.5,1.5,8,1.75],"texture":"#0"},"west":{"uv":[7,6.5,9.5,6.75],"texture":"#0"},"up":{"uv":[0.5,8,0,5.5],"texture":"#0"},"down":{"uv":[1,5.5,0.5,8],"texture":"#0"}}},{"from":[2.23223,-0.97487,2.5],"to":[4.23223,0.02513,12.5],"rotation":{"angle":45,"axis":"z","origin":[1.23223,-0.47487,7.5]},"faces":{"north":{"uv":[7.5,1.75,8,2],"texture":"#0"},"east":{"uv":[7,6.75,9.5,7],"texture":"#0"},"south":{"uv":[7.5,2,8,2.25],"texture":"#0"},"west":{"uv":[7,7,9.5,7.25],"texture":"#0"},"up":{"uv":[1.5,8,1,5.5],"texture":"#0"},"down":{"uv":[2,5.5,1.5,8],"texture":"#0"}}},{"from":[4,2,2.5],"to":[12,5,12.5],"rotation":{"angle":0,"axis":"y","origin":[0,-6,-0.5]},"faces":{"north":{"uv":[4.5,3,6.5,3.75],"texture":"#0"},"east":{"uv":[4.5,0,7,0.75],"texture":"#0"},"south":{"uv":[4.5,3.75,6.5,4.5],"texture":"#0"},"west":{"uv":[4.5,0.75,7,1.5],"texture":"#0"},"up":{"uv":[4.5,2.5,2.5,0],"texture":"#0"},"down":{"uv":[4.5,2.5,2.5,5],"texture":"#0"}}},{"from":[3.08579,4.29289,4.5],"to":[5.08579,7.29289,10.5],"rotation":{"angle":-45,"axis":"z","origin":[2.58579,4.29289,7.5]},"faces":{"north":{"uv":[3,7,3.5,7.75],"texture":"#0"},"east":{"uv":[3,5.5,4.5,6.25],"texture":"#0"},"south":{"uv":[3.5,7,4,7.75],"texture":"#0"},"west":{"uv":[4.5,5.5,6,6.25],"texture":"#0"},"up":{"uv":[7,4.5,6.5,3],"texture":"#0"},"down":{"uv":[7,6.25,6.5,7.75],"texture":"#0"}}},{"from":[10.91421,4.29289,4.5],"to":[12.91421,7.29289,10.5],"rotation":{"angle":45,"axis":"z","origin":[13.41421,4.29289,7.5]},"faces":{"north":{"uv":[4,7,4.5,7.75],"texture":"#0"},"east":{"uv":[6,5.5,7.5,6.25],"texture":"#0"},"south":{"uv":[4.5,7.25,5,8],"texture":"#0"},"west":{"uv":[3,6.25,4.5,7],"texture":"#0"},"up":{"uv":[7.5,1.5,7,0],"texture":"#0"},"down":{"uv":[7.5,1.5,7,3],"texture":"#0"}}},{"from":[7,3,1.5],"to":[9,6,11.5],"rotation":{"angle":0,"axis":"y","origin":[0,-6,-0.5]},"faces":{"north":{"uv":[5,7.25,5.5,8],"texture":"#0"},"east":{"uv":[4.5,1.5,7,2.25],"texture":"#0"},"south":{"uv":[5.5,7.25,6,8],"texture":"#0"},"west":{"uv":[4.5,2.25,7,3],"texture":"#0"},"up":{"uv":[2.5,8,2,5.5],"texture":"#0"},"down":{"uv":[3,5.5,2.5,8],"texture":"#0"}}},{"from":[6,2.5,0.5],"to":[10,6.5,1.5],"rotation":{"angle":0,"axis":"y","origin":[0,-6,-0.5]},"faces":{"north":{"uv":[4.5,6.25,5.5,7.25],"texture":"#0"},"east":{"uv":[6,7.25,6.25,8.25],"texture":"#0"},"south":{"uv":[5.5,6.25,6.5,7.25],"texture":"#0"},"west":{"uv":[6.25,7.25,6.5,8.25],"texture":"#0"},"up":{"uv":[8,7.5,7,7.25],"texture":"#0"},"down":{"uv":[8.5,0,7.5,0.25],"texture":"#0"}}}],"gui_light":"front","display":{"thirdperson_righthand":{"translation":[0,3.25,-3.25],"scale":[0.75,0.75,0.75]},"thirdperson_lefthand":{"translation":[0,3.25,-3.25],"scale":[0.75,0.75,0.75]},"firstperson_righthand":{"rotation":[9,0,0],"translation":[1.5,4.25,2],"scale":[0.75,0.75,0.75]},"firstperson_lefthand":{"rotation":[9,0,0],"translation":[1.5,4.25,2],"scale":[0.75,0.75,0.75]},"ground":{"translation":[0,5,0],"scale":[0.75,0.75,0.75]},"gui":{"rotation":[26,145,0],"translation":[0.25,4.5,0],"scale":[0.9,0.9,0.9]},"head":{"translation":[0,14.5,0.5],"scale":[1.81,1.81,1.81]},"fixed":{"rotation":[-90,0,0],"translation":[0,0,-14.5],"scale":[1.81,1.81,1.81]}}}