{"credit":"Made with Blockbench","texture_size":[64,64],"textures":{"0":"customhatsv1:hats/wizard_hat_texture","particle":"customhatsv1:hats/wizard_hat_texture"},"elements":[{"from":[1,8,1],"to":[15,9,15],"faces":{"north":{"uv":[7.5,6.75,11,7],"texture":"#0"},"east":{"uv":[8,4.5,11.5,4.75],"texture":"#0"},"south":{"uv":[9,1.5,12.5,1.75],"texture":"#0"},"west":{"uv":[9,1.75,12.5,2],"texture":"#0"},"up":{"uv":[3.5,3.5,0,0],"texture":"#0"},"down":{"uv":[3.5,3.5,0,7],"texture":"#0"}}},{"from":[3,9,3],"to":[13,12,13],"faces":{"north":{"uv":[8,3,10.5,3.75],"texture":"#0"},"east":{"uv":[8,3.75,10.5,4.5],"texture":"#0"},"south":{"uv":[3,8.25,5.5,9],"texture":"#0"},"west":{"uv":[5.5,8.25,8,9],"texture":"#0"},"up":{"uv":[6,2.5,3.5,0],"texture":"#0"},"down":{"uv":[6,2.5,3.5,5],"texture":"#0"}}},{"from":[8,9,13],"to":[8,12,18],"faces":{"north":{"uv":[0,0,0,0.75],"texture":"#0"},"east":{"uv":[13.75,0,15,0.75],"texture":"#0"},"south":{"uv":[0,0,0,0.75],"texture":"#0"},"west":{"uv":[13.75,4,15,4.75],"texture":"#0"},"up":{"uv":[0,1.25,0,0],"texture":"#0"},"down":{"uv":[0,0,0,1.25],"texture":"#0"}}},{"from":[6.58579,5.58579,15],"to":[6.58579,9.58579,18],"rotation":{"angle":-45,"axis":"z","origin":[6.58579,7.58579,16.5]},"faces":{"north":{"uv":[0,0,0,1],"texture":"#0"},"east":{"uv":[13,6,13.75,7],"texture":"#0"},"south":{"uv":[0,0,0,1],"texture":"#0"},"west":{"uv":[14.25,2,15,3],"texture":"#0"},"up":{"uv":[0,0.75,0,0],"texture":"#0"},"down":{"uv":[0,0,0,0.75],"texture":"#0"}}},{"from":[9.41421,5.58579,15],"to":[9.41421,9.58579,18],"rotation":{"angle":45,"axis":"z","origin":[9.41421,7.58579,16.5]},"faces":{"north":{"uv":[0,0,0,1],"texture":"#0"},"east":{"uv":[14.25,7.75,15,8.75],"texture":"#0"},"south":{"uv":[0,0,0,1],"texture":"#0"},"west":{"uv":[14.5,6,15.25,7],"texture":"#0"},"up":{"uv":[0,0.75,0,0],"texture":"#0"},"down":{"uv":[0,0,0,0.75],"texture":"#0"}}},{"from":[6,12,6.5],"to":[12,19,12.5],"rotation":{"angle":-22.5,"axis":"z","origin":[8,16.5,8]},"faces":{"north":{"uv":[6,0,7.5,1.75],"texture":"#0"},"east":{"uv":[6,1.75,7.5,3.5],"texture":"#0"},"south":{"uv":[0,7,1.5,8.75],"texture":"#0"},"west":{"uv":[1.5,7,3,8.75],"texture":"#0"},"up":{"uv":[9,1.5,7.5,0],"texture":"#0"},"down":{"uv":[9,1.5,7.5,3],"texture":"#0"}}},{"from":[7,19,7.5],"to":[15,22,11.5],"rotation":{"angle":-22.5,"axis":"z","origin":[8,16.5,8]},"faces":{"north":{"uv":[8,8.25,10,9],"texture":"#0"},"east":{"uv":[4.25,9,5.25,9.75],"texture":"#0"},"south":{"uv":[0,8.75,2,9.5],"texture":"#0"},"west":{"uv":[5.25,9,6.25,9.75],"texture":"#0"},"up":{"uv":[9.5,5.75,7.5,4.75],"texture":"#0"},"down":{"uv":[9.5,5.75,7.5,6.75],"texture":"#0"}}},{"from":[15,17,8.5],"to":[17,22,10.5],"rotation":{"angle":-22.5,"axis":"z","origin":[8,16.5,8]},"faces":{"north":{"uv":[6.25,9,6.75,10.25],"texture":"#0"},"east":{"uv":[6.75,9,7.25,10.25],"texture":"#0"},"south":{"uv":[9,7,9.5,8.25],"texture":"#0"},"west":{"uv":[7.25,9,7.75,10.25],"texture":"#0"},"up":{"uv":[8,3.5,7.5,3],"texture":"#0"},"down":{"uv":[8.25,9,7.75,9.5],"texture":"#0"}}},{"from":[4,10.25,4.5],"to":[12,15.25,12.5],"rotation":{"angle":22.5,"axis":"x","origin":[8,12.75,8.5]},"faces":{"north":{"uv":[6,3.5,8,4.75],"texture":"#0"},"east":{"uv":[3,7,5,8.25],"texture":"#0"},"south":{"uv":[5,7,7,8.25],"texture":"#0"},"west":{"uv":[7,7,9,8.25],"texture":"#0"},"up":{"uv":[5.5,7,3.5,5],"texture":"#0"},"down":{"uv":[7.5,5,5.5,7],"texture":"#0"}}}],"gui_light":"front","display":{"thirdperson_righthand":{"rotation":[0,180,0],"translation":[0,-2.25,-3.75],"scale":[0.75,0.75,0.75]},"thirdperson_lefthand":{"rotation":[0,180,0],"translation":[0,-2.25,-3.75],"scale":[0.75,0.75,0.75]},"firstperson_righthand":{"rotation":[-15,180,0],"translation":[2.5,0,0],"scale":[0.75,0.75,0.75]},"firstperson_lefthand":{"rotation":[-15,180,0],"translation":[2.5,0,0],"scale":[0.75,0.75,0.75]},"ground":{"translation":[0,-0.25,0],"scale":[0.75,0.75,0.75]},"gui":{"rotation":[31,141,0],"translation":[0,-3,0],"scale":[0.76,0.76,0.76]},"head":{"translation":[0,1.75,-0.25],"scale":[1.6,1.6,1.6]},"fixed":{"rotation":[-90,0,0],"scale":[1.81,1.81,1.81]}}}