{"credit":"Pologony Creation Co.,Ltd.","textures":{"2":"darkwitherset:animations/soul_animation_3","3":"darkwitherset:crossbow","particle":"darkwitherset:crossbow"},"elements":[{"from":[6.625,9.85,8.4],"to":[9.375,12.6,11.15],"rotation":{"angle":22.5,"axis":"x","origin":[8,10.4125,9.15]},"faces":{"north":{"uv":[9.25,8,8.33333,8.91667],"texture":"#3"},"east":{"uv":[9.25,6.66667,8.33333,7.58333],"texture":"#3"},"south":{"uv":[8.58333,2.66667,7.66667,3.58333],"texture":"#3"},"west":{"uv":[9.91667,0,9,0.91667],"texture":"#3"},"up":{"uv":[1.91667,9,1,9.91667],"texture":"#3"},"down":{"uv":[9.91667,2.25,9,1.33333],"texture":"#3"}}},{"from":[7.125,9.35,8.4],"to":[8.875,9.85,8.65],"rotation":{"angle":22.5,"axis":"x","origin":[8,10.4125,9.15]},"faces":{"north":{"uv":[8.91667,14,8.33333,14.16667],"texture":"#3"},"east":{"uv":[14.75,5.66667,14.66667,5.83333],"texture":"#3"},"south":{"uv":[7.91667,14,7.33333,14.16667],"texture":"#3"},"west":{"uv":[14.75,6.33333,14.66667,6.5],"texture":"#3"},"down":{"uv":[15.25,4.41667,14.66667,4.33333],"texture":"#3"}}},{"from":[8.875,6.75,8.75],"to":[11.125,9,11],"rotation":{"angle":-22.5,"axis":"y","origin":[10,7.1875,9.375]},"faces":{"north":{"uv":[9.66667,6.66667,10.41667,7.41667],"texture":"#3"},"east":{"uv":[9.66667,8,10.41667,8.75],"texture":"#3"},"south":{"uv":[7.33333,9.33333,8.08333,10.08333],"texture":"#3"},"west":{"uv":[8.66667,9.33333,9.41667,10.08333],"texture":"#3"},"up":{"uv":[10.75,10.08333,10,9.33333],"rotation":180,"texture":"#3"},"down":{"uv":[0.75,10.33333,0,11.08333],"rotation":180,"texture":"#3"}}},{"from":[9.375,6.25,8.75],"to":[10.625,6.75,9],"rotation":{"angle":-22.5,"axis":"y","origin":[10,7.1875,9.375]},"faces":{"north":{"uv":[14.33333,10.33333,14.75,10.5],"texture":"#3"},"east":{"uv":[7.33333,14.66667,7.41667,14.83333],"texture":"#3"},"south":{"uv":[10,14.33333,10.41667,14.5],"texture":"#3"},"west":{"uv":[14.66667,7,14.75,7.16667],"texture":"#3"},"down":{"uv":[15.08333,5,14.66667,5.08333],"rotation":180,"texture":"#3"}}},{"from":[5.375,6.25,8.75],"to":[6.625,6.75,9],"rotation":{"angle":22.5,"axis":"y","origin":[6,7.1875,9.375]},"faces":{"north":{"uv":[14.75,10.33333,14.33333,10.5],"texture":"#3"},"east":{"uv":[14.75,7,14.66667,7.16667],"texture":"#3"},"south":{"uv":[10.41667,14.33333,10,14.5],"texture":"#3"},"west":{"uv":[7.41667,14.66667,7.33333,14.83333],"texture":"#3"},"down":{"uv":[14.66667,5,15.08333,5.08333],"rotation":180,"texture":"#3"}}},{"from":[4.875,6.75,8.75],"to":[7.125,9,11],"rotation":{"angle":22.5,"axis":"y","origin":[6,7.1875,9.375]},"faces":{"north":{"uv":[10.41667,6.66667,9.66667,7.41667],"texture":"#3"},"east":{"uv":[9.41667,9.33333,8.66667,10.08333],"texture":"#3"},"south":{"uv":[8.08333,9.33333,7.33333,10.08333],"texture":"#3"},"west":{"uv":[10.41667,8,9.66667,8.75],"texture":"#3"},"up":{"uv":[10,10.08333,10.75,9.33333],"rotation":180,"texture":"#3"},"down":{"uv":[0,10.33333,0.75,11.08333],"rotation":180,"texture":"#3"}}},{"from":[9.83583,8.34615,0],"to":[11.83583,10.34615,2],"rotation":{"angle":0,"axis":"y","origin":[13.25,9.34615,0.6683]},"faces":{"south":{"uv":[3.66667,11,4.33333,11.66667],"rotation":90,"texture":"#3"},"west":{"uv":[6.33333,11,5.66667,11.66667],"rotation":90,"texture":"#3"},"up":{"uv":[4.66667,11,5.33333,11.66667],"rotation":90,"texture":"#3"},"down":{"uv":[2.66667,11,3.33333,11.66667],"rotation":90,"texture":"#3"}}},{"from":[10.32281,8.22115,-1.94485],"to":[13.32281,10.47115,-0.44485],"rotation":{"angle":22.5,"axis":"y","origin":[13.25,9.34615,0.6683]},"faces":{"north":{"uv":[9.33333,4,10.08333,5],"rotation":270,"texture":"#3"},"east":{"uv":[5.08333,12.5,4.33333,12],"rotation":90,"texture":"#3"},"south":{"uv":[9.33333,5.33333,10.08333,6.33333],"rotation":90,"texture":"#3"},"west":{"uv":[6.41667,12,5.66667,12.5],"rotation":90,"texture":"#3"},"up":{"uv":[8.33333,10.66667,8.83333,11.66667],"rotation":90,"texture":"#3"},"down":{"uv":[7.33333,10.66667,7.83333,11.66667],"rotation":90,"texture":"#3"}}},{"from":[10.97259,8.09615,-1.14001],"to":[12.97259,10.59615,0.85999],"rotation":{"angle":45,"axis":"y","origin":[13.25,9.34615,0.6683]},"faces":{"north":{"uv":[10.33333,0,11.16667,0.66667],"rotation":270,"texture":"#3"},"east":{"uv":[2.16667,11,1.33333,10.33333],"rotation":90,"texture":"#3"},"south":{"uv":[10.33333,1,11.16667,1.66667],"rotation":90,"texture":"#3"},"west":{"uv":[11.16667,2,10.33333,2.66667],"rotation":90,"texture":"#3"},"up":{"uv":[11,7.33333,11.66667,8],"rotation":90,"texture":"#3"},"down":{"uv":[11,6.33333,11.66667,7],"rotation":90,"texture":"#3"}}},{"from":[11.98954,8.72115,-2.93157],"to":[13.73954,9.97115,-1.93157],"rotation":{"angle":45,"axis":"y","origin":[13.25,9.34615,0.6683]},"faces":{"north":{"uv":[12.33333,9.66667,12.75,10.25],"rotation":270,"texture":"#3"},"east":{"uv":[13.75,10,13.33333,9.66667],"rotation":90,"texture":"#3"},"west":{"uv":[13.75,10.33333,13.33333,10.66667],"rotation":90,"texture":"#3"},"up":{"uv":[13,7.66667,13.33333,8.25],"rotation":90,"texture":"#3"},"down":{"uv":[6.33333,13,6.66667,13.58333],"rotation":90,"texture":"#3"}}},{"from":[8.96606,8.84615,-0.94349],"to":[10.21606,9.84615,0.30651],"rotation":{"angle":-22.5,"axis":"y","origin":[13.25,9.34615,0.6683]},"faces":{"north":{"uv":[10.33333,13.33333,10.66667,13.75],"rotation":270,"texture":"#3"},"south":{"uv":[13.33333,11,13.66667,11.41667],"rotation":90,"texture":"#3"},"west":{"uv":[14,1.66667,13.66667,2.08333],"rotation":90,"texture":"#3"},"up":{"uv":[1.66667,13.33333,2.08333,13.75],"rotation":90,"texture":"#3"},"down":{"uv":[0.66667,13.33333,1.08333,13.75],"rotation":90,"texture":"#3"}}},{"from":[9.43061,8.97115,-3.05533],"to":[10.68061,9.72115,-1.30533],"rotation":{"angle":0,"axis":"y","origin":[13.25,9.34615,0.6683]},"faces":{"north":{"uv":[5.33333,14,5.58333,14.41667],"rotation":270,"texture":"#3"},"east":{"uv":[13.58333,9.25,13.33333,8.66667],"rotation":90,"texture":"#3"},"west":{"uv":[9.91667,13.33333,9.66667,13.91667],"rotation":90,"texture":"#3"},"up":{"uv":[12.33333,10.66667,12.91667,11.08333],"rotation":90,"texture":"#3"},"down":{"uv":[10,12.33333,10.58333,12.75],"rotation":90,"texture":"#3"}}},{"from":[9.86804,9.34115,-4.4244],"to":[14.36804,9.35115,-2.4244],"rotation":{"angle":22.5,"axis":"y","origin":[13.25,9.34615,0.6683]},"faces":{"up":{"uv":[7.33333,6.66667,8,8.16667],"rotation":90,"texture":"#3"},"down":{"uv":[8,6.66667,7.33333,8.16667],"rotation":90,"texture":"#3"}}},{"from":[12.48338,8.34615,0.49728],"to":[13.48338,10.34615,2.49728],"rotation":{"angle":-22.5,"axis":"y","origin":[13.25,9.34615,0.6683]},"faces":{"north":{"uv":[7.66667,4,8.33333,4.33333],"rotation":270,"texture":"#3"},"east":{"uv":[11.66667,9,11,8.33333],"rotation":90,"texture":"#3"},"south":{"uv":[11,12.33333,11.66667,12.66667],"rotation":90,"texture":"#3"},"west":{"uv":[2,11.33333,1.33333,12],"rotation":90,"texture":"#3"},"up":{"uv":[12.33333,11.66667,13,12],"rotation":90,"texture":"#3"},"down":{"uv":[7.33333,8.66667,8,9],"rotation":90,"texture":"#3"}}},{"from":[14.88771,8.47115,0.64132],"to":[15.38771,10.22115,2.39132],"rotation":{"angle":-22.5,"axis":"y","origin":[13.25,9.34615,0.6683]},"faces":{"north":{"uv":[14,8.66667,14.58333,8.83333],"rotation":270,"texture":"#3"},"east":{"uv":[12.58333,8.25,12,7.66667],"rotation":90,"texture":"#3"},"south":{"uv":[14,11,14.58333,11.16667],"rotation":90,"texture":"#3"},"west":{"uv":[8.58333,12,8,12.58333],"rotation":90,"texture":"#3"},"up":{"uv":[14,11.66667,14.58333,11.83333],"rotation":90,"texture":"#3"},"down":{"uv":[11,14,11.58333,14.16667],"rotation":90,"texture":"#3"}}},{"from":[16.93344,8.59615,-0.14295],"to":[17.43344,10.09615,1.35705],"rotation":{"angle":-45,"axis":"y","origin":[13.25,9.34615,0.6683]},"faces":{"north":{"uv":[12,14,12.5,14.16667],"rotation":270,"texture":"#3"},"east":{"uv":[12.83333,9.16667,12.33333,8.66667],"rotation":90,"texture":"#3"},"south":{"uv":[14,13,14.5,13.16667],"rotation":90,"texture":"#3"},"west":{"uv":[9.5,12.33333,9,12.83333],"rotation":90,"texture":"#3"},"up":{"uv":[0.66667,14.33333,1.16667,14.5],"rotation":90,"texture":"#3"},"down":{"uv":[14,12.33333,14.5,12.5],"rotation":90,"texture":"#3"}}},{"from":[13.48338,8.72115,0.87228],"to":[14.98338,9.97115,2.12228],"rotation":{"angle":-22.5,"axis":"y","origin":[13.25,9.34615,0.6683]},"faces":{"north":{"uv":[13,4.66667,13.41667,5.16667],"rotation":270,"texture":"#3"},"south":{"uv":[13,5.66667,13.41667,6.16667],"rotation":90,"texture":"#3"},"up":{"uv":[13,6.66667,13.41667,7.16667],"rotation":90,"texture":"#3"},"down":{"uv":[5.33333,13,5.75,13.5],"rotation":90,"texture":"#3"}}},{"from":[15.18344,8.84615,0.15705],"to":[16.93344,9.84615,1.15705],"rotation":{"angle":-45,"axis":"y","origin":[13.25,9.34615,0.6683]},"faces":{"north":{"uv":[8,13,8.33333,13.58333],"rotation":270,"texture":"#3"},"south":{"uv":[11.66667,13,12,13.58333],"rotation":90,"texture":"#3"},"up":{"uv":[12.33333,13,12.66667,13.58333],"rotation":90,"texture":"#3"},"down":{"uv":[11,13,11.33333,13.58333],"rotation":90,"texture":"#3"}}},{"from":[14.54501,8.97115,4.23387],"to":[15.29501,9.72115,5.73387],"rotation":{"angle":22.5,"axis":"y","origin":[13.25,9.34615,0.6683]},"faces":{"east":{"uv":[2.91667,14.5,2.66667,14],"rotation":90,"texture":"#3"},"south":{"uv":[14.33333,13.66667,14.58333,13.91667],"rotation":90,"texture":"#3"},"west":{"uv":[3.58333,14,3.33333,14.5],"rotation":90,"texture":"#3"},"up":{"uv":[14,0.66667,14.5,0.91667],"rotation":90,"texture":"#3"},"down":{"uv":[14,0,14.5,0.25],"rotation":90,"texture":"#3"}}},{"from":[4.16417,8.34615,0],"to":[6.16417,10.34615,2],"rotation":{"angle":0,"axis":"y","origin":[2.75,9.34615,0.6683]},"faces":{"east":{"uv":[6.33333,11.66667,5.66667,11],"rotation":90,"texture":"#3"},"south":{"uv":[3.66667,11.66667,4.33333,11],"rotation":90,"texture":"#3"},"up":{"uv":[4.66667,11.66667,5.33333,11],"rotation":90,"texture":"#3"},"down":{"uv":[2.66667,11.66667,3.33333,11],"rotation":90,"texture":"#3"}}},{"from":[2.67719,8.22115,-1.94485],"to":[5.67719,10.47115,-0.44485],"rotation":{"angle":-22.5,"axis":"y","origin":[2.75,9.34615,0.6683]},"faces":{"north":{"uv":[9.33333,5,10.08333,4],"rotation":270,"texture":"#3"},"east":{"uv":[6.41667,12.5,5.66667,12],"rotation":90,"texture":"#3"},"south":{"uv":[9.33333,6.33333,10.08333,5.33333],"rotation":90,"texture":"#3"},"west":{"uv":[5.08333,12,4.33333,12.5],"rotation":90,"texture":"#3"},"up":{"uv":[8.33333,11.66667,8.83333,10.66667],"rotation":90,"texture":"#3"},"down":{"uv":[7.33333,11.66667,7.83333,10.66667],"rotation":90,"texture":"#3"}}},{"from":[3.02741,8.09615,-1.14001],"to":[5.02741,10.59615,0.85999],"rotation":{"angle":-45,"axis":"y","origin":[2.75,9.34615,0.6683]},"faces":{"north":{"uv":[10.33333,0.66667,11.16667,0],"rotation":270,"texture":"#3"},"east":{"uv":[11.16667,2.66667,10.33333,2],"rotation":90,"texture":"#3"},"south":{"uv":[10.33333,1.66667,11.16667,1],"rotation":90,"texture":"#3"},"west":{"uv":[2.16667,10.33333,1.33333,11],"rotation":90,"texture":"#3"},"up":{"uv":[11,8,11.66667,7.33333],"rotation":90,"texture":"#3"},"down":{"uv":[11,7,11.66667,6.33333],"rotation":90,"texture":"#3"}}},{"from":[2.26046,8.72115,-2.93157],"to":[4.01046,9.97115,-1.93157],"rotation":{"angle":-45,"axis":"y","origin":[2.75,9.34615,0.6683]},"faces":{"north":{"uv":[12.33333,10.25,12.75,9.66667],"rotation":270,"texture":"#3"},"east":{"uv":[13.75,10.66667,13.33333,10.33333],"rotation":90,"texture":"#3"},"west":{"uv":[13.75,9.66667,13.33333,10],"rotation":90,"texture":"#3"},"up":{"uv":[13,8.25,13.33333,7.66667],"rotation":90,"texture":"#3"},"down":{"uv":[6.33333,13.58333,6.66667,13],"rotation":90,"texture":"#3"}}},{"from":[5.78394,8.84615,-0.94349],"to":[7.03394,9.84615,0.30651],"rotation":{"angle":22.5,"axis":"y","origin":[2.75,9.34615,0.6683]},"faces":{"north":{"uv":[10.33333,13.75,10.66667,13.33333],"rotation":270,"texture":"#3"},"east":{"uv":[14,2.08333,13.66667,1.66667],"rotation":90,"texture":"#3"},"south":{"uv":[13.33333,11.41667,13.66667,11],"rotation":90,"texture":"#3"},"up":{"uv":[1.66667,13.75,2.08333,13.33333],"rotation":90,"texture":"#3"},"down":{"uv":[0.66667,13.75,1.08333,13.33333],"rotation":90,"texture":"#3"}}},{"from":[5.31939,8.97115,-3.05533],"to":[6.56939,9.72115,-1.30533],"rotation":{"angle":0,"axis":"y","origin":[2.75,9.34615,0.6683]},"faces":{"north":{"uv":[5.33333,14.41667,5.58333,14],"rotation":270,"texture":"#3"},"east":{"uv":[9.91667,13.91667,9.66667,13.33333],"rotation":90,"texture":"#3"},"west":{"uv":[13.58333,8.66667,13.33333,9.25],"rotation":90,"texture":"#3"},"up":{"uv":[12.33333,11.08333,12.91667,10.66667],"rotation":90,"texture":"#3"},"down":{"uv":[10,12.75,10.58333,12.33333],"rotation":90,"texture":"#3"}}},{"from":[1.63196,9.34115,-4.4244],"to":[6.13196,9.35115,-2.4244],"rotation":{"angle":-22.5,"axis":"y","origin":[2.75,9.34615,0.6683]},"faces":{"up":{"uv":[7.33333,8.16667,8,6.66667],"rotation":90,"texture":"#3"},"down":{"uv":[8,8.16667,7.33333,6.66667],"rotation":90,"texture":"#3"}}},{"from":[2.51662,8.34615,0.49728],"to":[3.51662,10.34615,2.49728],"rotation":{"angle":22.5,"axis":"y","origin":[2.75,9.34615,0.6683]},"faces":{"north":{"uv":[7.66667,4.33333,8.33333,4],"rotation":270,"texture":"#3"},"east":{"uv":[2,12,1.33333,11.33333],"rotation":90,"texture":"#3"},"south":{"uv":[11,12.66667,11.66667,12.33333],"rotation":90,"texture":"#3"},"west":{"uv":[11.66667,8.33333,11,9],"rotation":90,"texture":"#3"},"up":{"uv":[12.33333,12,13,11.66667],"rotation":90,"texture":"#3"},"down":{"uv":[7.33333,9,8,8.66667],"rotation":90,"texture":"#3"}}},{"from":[0.61229,8.47115,0.64132],"to":[1.11229,10.22115,2.39132],"rotation":{"angle":22.5,"axis":"y","origin":[2.75,9.34615,0.6683]},"faces":{"north":{"uv":[14,8.83333,14.58333,8.66667],"rotation":270,"texture":"#3"},"east":{"uv":[8.58333,12.58333,8,12],"rotation":90,"texture":"#3"},"south":{"uv":[14,11.16667,14.58333,11],"rotation":90,"texture":"#3"},"west":{"uv":[12.58333,7.66667,12,8.25],"rotation":90,"texture":"#3"},"up":{"uv":[14,11.83333,14.58333,11.66667],"rotation":90,"texture":"#3"},"down":{"uv":[11,14.16667,11.58333,14],"rotation":90,"texture":"#3"}}},{"from":[-1.43344,8.59615,-0.14295],"to":[-0.93344,10.09615,1.35705],"rotation":{"angle":45,"axis":"y","origin":[2.75,9.34615,0.6683]},"faces":{"north":{"uv":[12,14.16667,12.5,14],"rotation":270,"texture":"#3"},"east":{"uv":[9.5,12.83333,9,12.33333],"rotation":90,"texture":"#3"},"south":{"uv":[14,13.16667,14.5,13],"rotation":90,"texture":"#3"},"west":{"uv":[12.83333,8.66667,12.33333,9.16667],"rotation":90,"texture":"#3"},"up":{"uv":[0.66667,14.5,1.16667,14.33333],"rotation":90,"texture":"#3"},"down":{"uv":[14,12.5,14.5,12.33333],"rotation":90,"texture":"#3"}}},{"from":[1.01662,8.72115,0.87228],"to":[2.51662,9.97115,2.12228],"rotation":{"angle":22.5,"axis":"y","origin":[2.75,9.34615,0.6683]},"faces":{"north":{"uv":[13,5.16667,13.41667,4.66667],"rotation":270,"texture":"#3"},"south":{"uv":[13,6.16667,13.41667,5.66667],"rotation":90,"texture":"#3"},"up":{"uv":[13,7.16667,13.41667,6.66667],"rotation":90,"texture":"#3"},"down":{"uv":[5.33333,13.5,5.75,13],"rotation":90,"texture":"#3"}}},{"from":[-0.93344,8.84615,0.15705],"to":[0.81656,9.84615,1.15705],"rotation":{"angle":45,"axis":"y","origin":[2.75,9.34615,0.6683]},"faces":{"north":{"uv":[8,13.58333,8.33333,13],"rotation":270,"texture":"#3"},"south":{"uv":[11.66667,13.58333,12,13],"rotation":90,"texture":"#3"},"up":{"uv":[12.33333,13.58333,12.66667,13],"rotation":90,"texture":"#3"},"down":{"uv":[11,13.58333,11.33333,13],"rotation":90,"texture":"#3"}}},{"from":[0.70499,8.97115,4.23387],"to":[1.45499,9.72115,5.73387],"rotation":{"angle":-22.5,"axis":"y","origin":[2.75,9.34615,0.6683]},"faces":{"east":{"uv":[3.58333,14.5,3.33333,14],"rotation":90,"texture":"#3"},"south":{"uv":[14.33333,13.91667,14.58333,13.66667],"rotation":90,"texture":"#3"},"west":{"uv":[2.91667,14,2.66667,14.5],"rotation":90,"texture":"#3"},"up":{"uv":[14,0.91667,14.5,0.66667],"rotation":90,"texture":"#3"},"down":{"uv":[14,0.25,14.5,0],"rotation":90,"texture":"#3"}}},{"from":[12,7.69166,4.77383],"to":[18,10.69166,4.80383],"rotation":{"angle":-22.5,"axis":"y","origin":[17,17.69216,3.05383]},"faces":{"north":{"uv":[12,0,9,6],"rotation":270,"texture":"#2"},"south":{"uv":[9,0,12,6],"rotation":90,"texture":"#2"}}},{"from":[12,7.69166,1.80383],"to":[18,7.72166,4.80383],"rotation":{"angle":-22.5,"axis":"y","origin":[17,17.69216,3.05383]},"faces":{"up":{"uv":[3,0,0,6],"rotation":90,"texture":"#2"},"down":{"uv":[0,0,3,6],"rotation":90,"texture":"#2"}}},{"from":[12,7.69266,1.80383],"to":[18,10.69266,1.83383],"rotation":{"angle":-22.5,"axis":"y","origin":[17,17.69216,3.05383]},"faces":{"north":{"uv":[3,0,6,6],"rotation":270,"texture":"#2"},"south":{"uv":[6,0,3,6],"rotation":90,"texture":"#2"}}},{"from":[12,10.66266,1.80383],"to":[18,10.69266,4.80383],"rotation":{"angle":-22.5,"axis":"y","origin":[17,17.69216,3.05383]},"faces":{"up":{"uv":[6,0,9,6],"rotation":90,"texture":"#2"},"down":{"uv":[9,0,6,6],"rotation":90,"texture":"#2"}}},{"from":[-2,7.69166,4.77383],"to":[4,10.69166,4.80383],"rotation":{"angle":22.5,"axis":"y","origin":[-1,17.69216,3.05383]},"faces":{"north":{"uv":[12,6,9,0],"rotation":270,"texture":"#2"},"south":{"uv":[9,6,12,0],"rotation":90,"texture":"#2"}}},{"from":[-2,7.69166,1.80383],"to":[4,7.72166,4.80383],"rotation":{"angle":22.5,"axis":"y","origin":[-1,17.69216,3.05383]},"faces":{"up":{"uv":[3,6,0,0],"rotation":90,"texture":"#2"},"down":{"uv":[0,6,3,0],"rotation":90,"texture":"#2"}}},{"from":[-2,7.69266,1.80383],"to":[4,10.69266,1.83383],"rotation":{"angle":22.5,"axis":"y","origin":[-1,17.69216,3.05383]},"faces":{"north":{"uv":[3,6,6,0],"rotation":270,"texture":"#2"},"south":{"uv":[6,6,3,0],"rotation":90,"texture":"#2"}}},{"from":[-2,10.66266,1.80383],"to":[4,10.69266,4.80383],"rotation":{"angle":22.5,"axis":"y","origin":[-1,17.69216,3.05383]},"faces":{"up":{"uv":[6,6,9,0],"rotation":90,"texture":"#2"},"down":{"uv":[9,6,6,0],"rotation":90,"texture":"#2"}}},{"from":[-0.75,9.395,4.15],"to":[16.75,9.405,10.15],"rotation":{"angle":0,"axis":"y","origin":[8,8,15.25]},"faces":{"up":{"uv":[5.83333,2,0,0],"texture":"#3"},"down":{"uv":[5.83333,0,0,2],"texture":"#3"}}},{"from":[7,7,0],"to":[9,9,8],"rotation":{"angle":0,"axis":"y","origin":[7,7,0]},"faces":{"north":{"uv":[11.33333,4.33333,12,5],"texture":"#3"},"east":{"uv":[6.33333,4.66667,9,5.33333],"texture":"#3"},"west":{"uv":[6.33333,5.66667,9,6.33333],"texture":"#3"},"up":{"uv":[7,9.33333,6.33333,6.66667],"texture":"#3"},"down":{"uv":[0.66667,7,0,9.66667],"texture":"#3"}}},{"from":[7.5,7.15224,11.23463],"to":[8.5,9.15224,13.23463],"rotation":{"angle":22.5,"axis":"x","origin":[7,7.15224,11.23463]},"faces":{"east":{"uv":[11.33333,9.33333,12,10],"texture":"#3"},"south":{"uv":[13,3.66667,13.33333,4.33333],"texture":"#3"},"west":{"uv":[11.33333,10.33333,12,11],"texture":"#3"},"up":{"uv":[4.33333,13.66667,4,13],"texture":"#3"},"down":{"uv":[5,13,4.66667,13.66667],"texture":"#3"}}},{"from":[7.5035,6.38687,12.58239],"to":[8.4965,7.38687,17.58239],"rotation":{"angle":0,"axis":"y","origin":[7.0035,6.38687,13.08239]},"faces":{"east":{"uv":[4.66667,10.33333,6.33333,10.66667],"texture":"#3"},"west":{"uv":[10.66667,3.66667,12.33333,4],"texture":"#3"},"up":{"uv":[7,11.33333,6.66667,9.66667],"texture":"#3"},"down":{"uv":[11,4.33333,10.66667,6],"texture":"#3"}}},{"from":[7.2535,6.13687,13.33239],"to":[8.7465,8.38687,13.83239],"rotation":{"angle":0,"axis":"y","origin":[7.0035,6.38687,9.83239]},"faces":{"north":{"uv":[12,6.33333,12.5,7.08333],"texture":"#3"},"east":{"uv":[4,14,4.16667,14.75],"texture":"#3"},"south":{"uv":[7,12,7.5,12.75],"texture":"#3"},"west":{"uv":[14,4.33333,14.16667,5.08333],"texture":"#3"},"up":{"uv":[14.83333,1.5,14.33333,1.33333],"texture":"#3"},"down":{"uv":[2.16667,14.33333,1.66667,14.5],"texture":"#3"}}},{"from":[7.2535,6.13687,14.33239],"to":[8.7465,8.38687,14.83239],"rotation":{"angle":0,"axis":"y","origin":[7.0035,6.38687,9.83239]},"faces":{"north":{"uv":[12,6.33333,12.5,7.08333],"texture":"#3"},"east":{"uv":[4,14,4.16667,14.75],"texture":"#3"},"south":{"uv":[7,12,7.5,12.75],"texture":"#3"},"west":{"uv":[14,4.33333,14.16667,5.08333],"texture":"#3"},"up":{"uv":[14.83333,1.5,14.33333,1.33333],"texture":"#3"},"down":{"uv":[2.16667,14.33333,1.66667,14.5],"texture":"#3"}}},{"from":[7.2535,6.13687,15.33239],"to":[8.7465,8.38687,15.83239],"rotation":{"angle":0,"axis":"y","origin":[7.0035,6.38687,9.83239]},"faces":{"north":{"uv":[12,6.33333,12.5,7.08333],"texture":"#3"},"east":{"uv":[4,14,4.16667,14.75],"texture":"#3"},"south":{"uv":[7,12,7.5,12.75],"texture":"#3"},"west":{"uv":[14,4.33333,14.16667,5.08333],"texture":"#3"},"up":{"uv":[14.83333,1.5,14.33333,1.33333],"texture":"#3"},"down":{"uv":[2.16667,14.33333,1.66667,14.5],"texture":"#3"}}},{"from":[7.2535,6.13687,16.33239],"to":[8.7465,8.38687,16.83239],"rotation":{"angle":0,"axis":"y","origin":[7.0035,6.38687,9.83239]},"faces":{"north":{"uv":[12,6.33333,12.5,7.08333],"texture":"#3"},"east":{"uv":[4,14,4.16667,14.75],"texture":"#3"},"south":{"uv":[7,12,7.5,12.75],"texture":"#3"},"west":{"uv":[14,4.33333,14.16667,5.08333],"texture":"#3"},"up":{"uv":[14.83333,1.5,14.33333,1.33333],"texture":"#3"},"down":{"uv":[2.16667,14.33333,1.66667,14.5],"texture":"#3"}}},{"from":[7.2535,6.13687,17.33239],"to":[8.7465,8.38687,17.83239],"rotation":{"angle":0,"axis":"y","origin":[7.0035,6.38687,9.83239]},"faces":{"north":{"uv":[12,6.33333,12.5,7.08333],"texture":"#3"},"east":{"uv":[4,14,4.16667,14.75],"texture":"#3"},"south":{"uv":[7,12,7.5,12.75],"texture":"#3"},"west":{"uv":[14,4.33333,14.16667,5.08333],"texture":"#3"},"up":{"uv":[14.83333,1.5,14.33333,1.33333],"texture":"#3"},"down":{"uv":[2.16667,14.33333,1.66667,14.5],"texture":"#3"}}},{"from":[7.7535,7.38687,12.58239],"to":[8.2465,8.13687,17.58239],"rotation":{"angle":0,"axis":"y","origin":[7.0035,7.38687,13.08239]},"faces":{"east":{"uv":[11.66667,2,13.33333,2.25],"texture":"#3"},"west":{"uv":[2.33333,12,4,12.25],"texture":"#3"},"up":{"uv":[12.5,6,12.33333,4.33333],"texture":"#3"}}},{"from":[7.3785,5.38687,17.58239],"to":[8.6215,8.63687,18.08239],"rotation":{"angle":0,"axis":"y","origin":[7.1285,6.38687,18.08239]},"faces":{"north":{"uv":[9.33333,10.66667,9.75,11.75],"texture":"#3"},"east":{"uv":[0,13.33333,0.16667,14.41667],"texture":"#3"},"south":{"uv":[10.33333,10.66667,10.75,11.75],"texture":"#3"},"west":{"uv":[13.33333,0,13.5,1.08333],"texture":"#3"},"up":{"uv":[14.75,2.16667,14.33333,2],"texture":"#3"},"down":{"uv":[14.75,2.66667,14.33333,2.83333],"texture":"#3"}}},{"from":[7,7,11],"to":[9,9,12],"rotation":{"angle":0,"axis":"y","origin":[7,7,11]},"faces":{"east":{"uv":[12.66667,0,13,0.66667],"texture":"#3"},"south":{"uv":[11.33333,5.33333,12,6],"texture":"#3"},"west":{"uv":[12.66667,1,13,1.66667],"texture":"#3"},"up":{"uv":[2.66667,13,2,12.66667],"texture":"#3"},"down":{"uv":[3.66667,12.66667,3,13],"texture":"#3"}}},{"from":[6.75,6.5,8],"to":[9.25,9.5,11],"rotation":{"angle":0,"axis":"y","origin":[7,7.5,8]},"faces":{"north":{"uv":[2.33333,9,3.16667,10],"texture":"#3"},"east":{"uv":[7.66667,0,8.66667,1],"texture":"#3"},"south":{"uv":[9,2.66667,9.83333,3.66667],"texture":"#3"},"west":{"uv":[7.66667,1.33333,8.66667,2.33333],"texture":"#3"},"up":{"uv":[4.5,10,3.66667,9],"texture":"#3"},"down":{"uv":[5.83333,9,5,10],"texture":"#3"}}},{"from":[5.84149,8,0.23044],"to":[7.84149,8.993,5.23044],"rotation":{"angle":22.5,"axis":"y","origin":[6.84149,9,2.23044]},"faces":{"north":{"uv":[12,12.33333,12.66667,12.66667],"texture":"#3"},"west":{"uv":[2.66667,10.33333,4.33333,10.66667],"texture":"#3"},"up":{"uv":[3,8.66667,2.33333,7],"texture":"#3"},"down":{"uv":[4,7,3.33333,8.66667],"texture":"#3"}}},{"from":[6.34149,7.007,0.23044],"to":[7.84149,8,1.98044],"rotation":{"angle":22.5,"axis":"y","origin":[6.84149,8.007,2.23044]},"faces":{"north":{"uv":[2.66667,13.33333,3.16667,13.66667],"texture":"#3"},"south":{"uv":[13.33333,2.66667,13.83333,3],"texture":"#3"},"west":{"uv":[13,12.33333,13.58333,12.66667],"texture":"#3"},"down":{"uv":[1.5,12.33333,1,12.91667],"texture":"#3"}}},{"from":[8.15851,8,0.23044],"to":[10.15851,8.993,5.23044],"rotation":{"angle":-22.5,"axis":"y","origin":[9.15851,9,2.23044]},"faces":{"north":{"uv":[0,12.66667,0.66667,13],"texture":"#3"},"east":{"uv":[10.33333,3,12,3.33333],"texture":"#3"},"up":{"uv":[5,8.66667,4.33333,7],"texture":"#3"},"down":{"uv":[6,7,5.33333,8.66667],"texture":"#3"}}},{"from":[8.15851,7.007,0.23044],"to":[9.65851,8,1.98044],"rotation":{"angle":-22.5,"axis":"y","origin":[9.15851,8.007,2.23044]},"faces":{"north":{"uv":[7,13.33333,7.5,13.66667],"texture":"#3"},"east":{"uv":[13,13,13.58333,13.33333],"texture":"#3"},"south":{"uv":[8.66667,13.33333,9.16667,13.66667],"texture":"#3"},"down":{"uv":[12.83333,2.66667,12.33333,3.25],"texture":"#3"}}},{"from":[5.81187,5.94267,6.125],"to":[6.56187,7.19267,6.875],"rotation":{"angle":-22.5,"axis":"z","origin":[6.31247,6.54253,4.5]},"faces":{"north":{"uv":[14,5.66667,14.25,6.08333],"texture":"#3"},"east":{"uv":[6,14,6.25,14.41667],"texture":"#3"},"south":{"uv":[6.66667,14,6.91667,14.41667],"texture":"#3"},"west":{"uv":[14,6.66667,14.25,7.08333],"texture":"#3"},"down":{"uv":[14.58333,14.33333,14.33333,14.58333],"texture":"#3"}}},{"from":[5.70676,4.9603,6.25],"to":[6.20676,6.2103,6.75],"rotation":{"angle":0,"axis":"y","origin":[6.31247,6.54253,4.5]},"faces":{"north":{"uv":[14.33333,3.33333,14.5,3.75],"texture":"#3"},"east":{"uv":[14.33333,7.66667,14.5,8.08333],"texture":"#3"},"south":{"uv":[9.33333,14.33333,9.5,14.75],"texture":"#3"},"west":{"uv":[14.33333,9.33333,14.5,9.75],"texture":"#3"},"down":{"uv":[4.83333,14.66667,4.66667,14.83333],"texture":"#3"}}},{"from":[5.53798,6.90839,6],"to":[6.53798,8.15839,7],"rotation":{"angle":-45,"axis":"z","origin":[6.31247,6.54253,4.5]},"faces":{"north":{"uv":[13.66667,3.33333,14,3.75],"texture":"#3"},"east":{"uv":[13.66667,7.66667,14,8.08333],"texture":"#3"},"south":{"uv":[13,13.66667,13.33333,14.08333],"texture":"#3"},"west":{"uv":[13.66667,13.66667,14,14.08333],"texture":"#3"},"up":{"uv":[9,4.33333,8.66667,4],"texture":"#3"},"down":{"uv":[5,14,4.66667,14.33333],"texture":"#3"}}},{"from":[5.53798,6.90839,4],"to":[6.53798,8.15839,5],"rotation":{"angle":-45,"axis":"z","origin":[6.31247,6.54253,2.5]},"faces":{"north":{"uv":[13.66667,3.33333,14,3.75],"texture":"#3"},"east":{"uv":[13.66667,7.66667,14,8.08333],"texture":"#3"},"south":{"uv":[13,13.66667,13.33333,14.08333],"texture":"#3"},"west":{"uv":[13.66667,13.66667,14,14.08333],"texture":"#3"},"up":{"uv":[9,4.33333,8.66667,4],"texture":"#3"},"down":{"uv":[5,14,4.66667,14.33333],"texture":"#3"}}},{"from":[5.81187,5.94267,4.125],"to":[6.56187,7.19267,4.875],"rotation":{"angle":-22.5,"axis":"z","origin":[6.31247,6.54253,2.5]},"faces":{"north":{"uv":[14,5.66667,14.25,6.08333],"texture":"#3"},"east":{"uv":[6,14,6.25,14.41667],"texture":"#3"},"south":{"uv":[6.66667,14,6.91667,14.41667],"texture":"#3"},"west":{"uv":[14,6.66667,14.25,7.08333],"texture":"#3"},"down":{"uv":[14.58333,14.33333,14.33333,14.58333],"texture":"#3"}}},{"from":[5.70676,4.9603,4.25],"to":[6.20676,6.2103,4.75],"rotation":{"angle":0,"axis":"y","origin":[6.31247,6.54253,2.5]},"faces":{"north":{"uv":[14.33333,3.33333,14.5,3.75],"texture":"#3"},"east":{"uv":[14.33333,7.66667,14.5,8.08333],"texture":"#3"},"south":{"uv":[9.33333,14.33333,9.5,14.75],"texture":"#3"},"west":{"uv":[14.33333,9.33333,14.5,9.75],"texture":"#3"},"down":{"uv":[4.83333,14.66667,4.66667,14.83333],"texture":"#3"}}},{"from":[5.53798,6.90839,2],"to":[6.53798,8.15839,3],"rotation":{"angle":-45,"axis":"z","origin":[6.31247,6.54253,0.5]},"faces":{"north":{"uv":[13.66667,3.33333,14,3.75],"texture":"#3"},"east":{"uv":[13.66667,7.66667,14,8.08333],"texture":"#3"},"south":{"uv":[13,13.66667,13.33333,14.08333],"texture":"#3"},"west":{"uv":[13.66667,13.66667,14,14.08333],"texture":"#3"},"up":{"uv":[9,4.33333,8.66667,4],"texture":"#3"},"down":{"uv":[5,14,4.66667,14.33333],"texture":"#3"}}},{"from":[5.81187,5.94267,2.125],"to":[6.56187,7.19267,2.875],"rotation":{"angle":-22.5,"axis":"z","origin":[6.31247,6.54253,0.5]},"faces":{"north":{"uv":[14,5.66667,14.25,6.08333],"texture":"#3"},"east":{"uv":[6,14,6.25,14.41667],"texture":"#3"},"south":{"uv":[6.66667,14,6.91667,14.41667],"texture":"#3"},"west":{"uv":[14,6.66667,14.25,7.08333],"texture":"#3"},"down":{"uv":[14.58333,14.33333,14.33333,14.58333],"texture":"#3"}}},{"from":[5.70676,4.9603,2.25],"to":[6.20676,6.2103,2.75],"rotation":{"angle":0,"axis":"y","origin":[6.31247,6.54253,0.5]},"faces":{"north":{"uv":[14.33333,3.33333,14.5,3.75],"texture":"#3"},"east":{"uv":[14.33333,7.66667,14.5,8.08333],"texture":"#3"},"south":{"uv":[9.33333,14.33333,9.5,14.75],"texture":"#3"},"west":{"uv":[14.33333,9.33333,14.5,9.75],"texture":"#3"},"down":{"uv":[4.83333,14.66667,4.66667,14.83333],"texture":"#3"}}},{"from":[9.46202,6.90839,2],"to":[10.46202,8.15839,3],"rotation":{"angle":45,"axis":"z","origin":[9.68753,6.54253,0.5]},"faces":{"north":{"uv":[14,3.33333,13.66667,3.75],"texture":"#3"},"east":{"uv":[14,13.66667,13.66667,14.08333],"texture":"#3"},"south":{"uv":[13.33333,13.66667,13,14.08333],"texture":"#3"},"west":{"uv":[14,7.66667,13.66667,8.08333],"texture":"#3"},"up":{"uv":[8.66667,4.33333,9,4],"texture":"#3"},"down":{"uv":[4.66667,14,5,14.33333],"texture":"#3"}}},{"from":[9.43813,5.94267,2.125],"to":[10.18813,7.19267,2.875],"rotation":{"angle":22.5,"axis":"z","origin":[9.68753,6.54253,0.5]},"faces":{"north":{"uv":[14.25,5.66667,14,6.08333],"texture":"#3"},"east":{"uv":[14.25,6.66667,14,7.08333],"texture":"#3"},"south":{"uv":[6.91667,14,6.66667,14.41667],"texture":"#3"},"west":{"uv":[6.25,14,6,14.41667],"texture":"#3"},"down":{"uv":[14.33333,14.33333,14.58333,14.58333],"texture":"#3"}}},{"from":[9.79324,4.9603,2.25],"to":[10.29324,6.2103,2.75],"rotation":{"angle":0,"axis":"y","origin":[9.68753,6.54253,0.5]},"faces":{"north":{"uv":[14.5,3.33333,14.33333,3.75],"texture":"#3"},"east":{"uv":[14.5,9.33333,14.33333,9.75],"texture":"#3"},"south":{"uv":[9.5,14.33333,9.33333,14.75],"texture":"#3"},"west":{"uv":[14.5,7.66667,14.33333,8.08333],"texture":"#3"},"down":{"uv":[4.66667,14.66667,4.83333,14.83333],"texture":"#3"}}},{"from":[9.46202,6.90839,4],"to":[10.46202,8.15839,5],"rotation":{"angle":45,"axis":"z","origin":[9.68753,6.54253,2.5]},"faces":{"north":{"uv":[14,3.33333,13.66667,3.75],"texture":"#3"},"east":{"uv":[14,13.66667,13.66667,14.08333],"texture":"#3"},"south":{"uv":[13.33333,13.66667,13,14.08333],"texture":"#3"},"west":{"uv":[14,7.66667,13.66667,8.08333],"texture":"#3"},"up":{"uv":[8.66667,4.33333,9,4],"texture":"#3"},"down":{"uv":[4.66667,14,5,14.33333],"texture":"#3"}}},{"from":[9.43813,5.94267,4.125],"to":[10.18813,7.19267,4.875],"rotation":{"angle":22.5,"axis":"z","origin":[9.68753,6.54253,2.5]},"faces":{"north":{"uv":[14.25,5.66667,14,6.08333],"texture":"#3"},"east":{"uv":[14.25,6.66667,14,7.08333],"texture":"#3"},"south":{"uv":[6.91667,14,6.66667,14.41667],"texture":"#3"},"west":{"uv":[6.25,14,6,14.41667],"texture":"#3"},"down":{"uv":[14.33333,14.33333,14.58333,14.58333],"texture":"#3"}}},{"from":[9.79324,4.9603,4.25],"to":[10.29324,6.2103,4.75],"rotation":{"angle":0,"axis":"y","origin":[9.68753,6.54253,2.5]},"faces":{"north":{"uv":[14.5,3.33333,14.33333,3.75],"texture":"#3"},"east":{"uv":[14.5,9.33333,14.33333,9.75],"texture":"#3"},"south":{"uv":[9.5,14.33333,9.33333,14.75],"texture":"#3"},"west":{"uv":[14.5,7.66667,14.33333,8.08333],"texture":"#3"},"down":{"uv":[4.66667,14.66667,4.83333,14.83333],"texture":"#3"}}},{"from":[9.46202,6.90839,6],"to":[10.46202,8.15839,7],"rotation":{"angle":45,"axis":"z","origin":[9.68753,6.54253,4.5]},"faces":{"north":{"uv":[14,3.33333,13.66667,3.75],"texture":"#3"},"east":{"uv":[14,13.66667,13.66667,14.08333],"texture":"#3"},"south":{"uv":[13.33333,13.66667,13,14.08333],"texture":"#3"},"west":{"uv":[14,7.66667,13.66667,8.08333],"texture":"#3"},"up":{"uv":[8.66667,4.33333,9,4],"texture":"#3"},"down":{"uv":[4.66667,14,5,14.33333],"texture":"#3"}}},{"from":[9.43813,5.94267,6.125],"to":[10.18813,7.19267,6.875],"rotation":{"angle":22.5,"axis":"z","origin":[9.68753,6.54253,4.5]},"faces":{"north":{"uv":[14.25,5.66667,14,6.08333],"texture":"#3"},"east":{"uv":[14.25,6.66667,14,7.08333],"texture":"#3"},"south":{"uv":[6.91667,14,6.66667,14.41667],"texture":"#3"},"west":{"uv":[6.25,14,6,14.41667],"texture":"#3"},"down":{"uv":[14.33333,14.33333,14.58333,14.58333],"texture":"#3"}}},{"from":[9.79324,4.9603,6.25],"to":[10.29324,6.2103,6.75],"rotation":{"angle":0,"axis":"y","origin":[9.68753,6.54253,4.5]},"faces":{"north":{"uv":[14.5,3.33333,14.33333,3.75],"texture":"#3"},"east":{"uv":[14.5,9.33333,14.33333,9.75],"texture":"#3"},"south":{"uv":[9.5,14.33333,9.33333,14.75],"texture":"#3"},"west":{"uv":[14.5,7.66667,14.33333,8.08333],"texture":"#3"},"down":{"uv":[4.66667,14.66667,4.83333,14.83333],"texture":"#3"}}}],"gui_light":"front","display":{"thirdperson_righthand":{"translation":[0,1,1.25]},"thirdperson_lefthand":{"translation":[0,1,1.25]},"firstperson_righthand":{"rotation":[0,-10,0],"translation":[12.5,0.75,-0.5]},"firstperson_lefthand":{"rotation":[0,-10,0],"translation":[12.5,0.75,-0.5]},"ground":{"rotation":[20,0,0],"translation":[0,3,0],"scale":[0.7,0.7,0.7]},"gui":{"rotation":[90,45,0],"translation":[1,-1.25,0],"scale":[0.7,0.7,0.7]},"head":{"rotation":[34,0,0]},"fixed":{"rotation":[-90,0,0],"translation":[0,0,-3.75],"scale":[2,2,2]}},"mcmodels":"4ebf10fe68645e475963b35a0d647cc7"}