{"credit":"Pologony Creation Co.,Ltd.","textures":{"2":"darkwitherset:animations/soul_animation_sword_2","3":"darkwitherset:animations/shield_animation_1","5":"darkwitherset:shield","particle":"darkwitherset:animations/shield_animation_1"},"elements":[{"from":[11.00363,3.49637,10.2683],"to":[12.50363,4.99637,11.7683],"rotation":{"angle":-45,"axis":"z","origin":[8,8,8]},"faces":{"north":{"uv":[8.8,1.2,9.4,1.8],"texture":"#5"},"east":{"uv":[7.2,8.4,7.8,9],"texture":"#5"},"south":{"uv":[8.4,8.4,9,9],"texture":"#5"},"west":{"uv":[0,8.8,0.6,9.4],"texture":"#5"},"up":{"uv":[9.4,3,8.8,2.4],"rotation":90,"texture":"#5"},"down":{"uv":[3.4,8.8,2.8,9.4],"rotation":270,"texture":"#5"}}},{"from":[12.81962,2.13038,10.4933],"to":[13.86962,3.18038,11.5433],"rotation":{"angle":-45,"axis":"z","origin":[8,8,8]},"faces":{"north":{"uv":[8.4,13.2,8.8,13.6],"texture":"#5"},"east":{"uv":[8.8,7.6,9.2,8],"texture":"#5"},"south":{"uv":[12,10,12.4,10.4],"texture":"#5"},"west":{"uv":[13.2,8,13.6,8.4],"texture":"#5"},"up":{"uv":[13.6,9.2,13.2,8.8],"rotation":90,"texture":"#5"},"down":{"uv":[9.6,13.2,9.2,13.6],"rotation":270,"texture":"#5"}}},{"from":[10.53396,4.46604,10.5183],"to":[11.53396,5.46604,11.5183],"rotation":{"angle":-45,"axis":"z","origin":[8,8,8]},"faces":{"north":{"uv":[13.2,12,13.6,12.4],"texture":"#5"},"east":{"uv":[10,13.2,10.4,13.6],"texture":"#5"},"south":{"uv":[10.8,13.2,11.2,13.6],"texture":"#5"},"west":{"uv":[11.6,13.2,12,13.6],"texture":"#5"},"up":{"uv":[12.8,13.6,12.4,13.2],"rotation":90,"texture":"#5"},"down":{"uv":[13.6,12.8,13.2,13.2],"rotation":270,"texture":"#5"}}},{"from":[7.25,3.98446,10.2683],"to":[8.75,4.48446,11.7683],"rotation":{"angle":0,"axis":"y","origin":[8,8,8]},"faces":{"north":{"uv":[14.4,3.2,15,3.4],"texture":"#5"},"east":{"uv":[0,14.4,0.6,14.6],"texture":"#5"},"south":{"uv":[1.2,14.4,1.8,14.6],"texture":"#5"},"west":{"uv":[2.4,14.4,3,14.6],"texture":"#5"},"up":{"uv":[9.8,0.6,9.2,0],"rotation":90,"texture":"#5"},"down":{"uv":[1.8,9.2,1.2,9.8],"rotation":270,"texture":"#5"}}},{"from":[7.25,9.98446,10.2683],"to":[8.75,10.48446,11.7683],"rotation":{"angle":0,"axis":"y","origin":[8,8,8]},"faces":{"north":{"uv":[14.4,5.6,15,5.8],"texture":"#5"},"east":{"uv":[3.6,14.4,4.2,14.6],"texture":"#5"},"south":{"uv":[14.4,4,15,4.2],"texture":"#5"},"west":{"uv":[14.4,4.8,15,5],"texture":"#5"},"up":{"uv":[9.8,4.2,9.2,3.6],"rotation":90,"texture":"#5"},"down":{"uv":[4.6,9.2,4,9.8],"rotation":270,"texture":"#5"}}},{"from":[7.5,4.48446,10.5183],"to":[8.5,5.98446,11.5183],"rotation":{"angle":0,"axis":"y","origin":[8,8,8]},"faces":{"north":{"uv":[12.4,2.4,12.8,3],"texture":"#5"},"east":{"uv":[0,12.4,0.4,13],"texture":"#5"},"south":{"uv":[12.4,0,12.8,0.6],"texture":"#5"},"west":{"uv":[2.4,12.4,2.8,13],"texture":"#5"},"up":{"uv":[0.4,14,0,13.6],"rotation":90,"texture":"#5"}}},{"from":[7.5,8.48446,10.5183],"to":[8.5,9.98446,11.5183],"rotation":{"angle":0,"axis":"y","origin":[8,8,8]},"faces":{"north":{"uv":[12.8,10,13.2,10.6],"texture":"#5"},"east":{"uv":[12.4,3.6,12.8,4.2],"texture":"#5"},"south":{"uv":[4,12.4,4.4,13],"texture":"#5"},"west":{"uv":[4.8,12.8,5.2,13.4],"texture":"#5"},"down":{"uv":[2.8,13.6,2.4,14],"rotation":270,"texture":"#5"}}},{"from":[7.625,5.98446,10.6433],"to":[8.375,8.48446,11.3933],"rotation":{"angle":0,"axis":"y","origin":[8,8,8]},"faces":{"north":{"uv":[3.2,11.6,3.5,12.6],"texture":"#5"},"east":{"uv":[0.8,11.6,1.1,12.6],"texture":"#5"},"south":{"uv":[1.6,11.6,1.9,12.6],"texture":"#5"},"west":{"uv":[11.6,2.4,11.9,3.4],"texture":"#5"}}},{"from":[7,11.41644,6.5183],"to":[9,13.41644,8.5183],"rotation":{"angle":0,"axis":"y","origin":[8,8,8]},"faces":{"north":{"uv":[4.4,6.4,5.2,7.2],"texture":"#5"},"south":{"uv":[6.4,4,7.2,4.8],"texture":"#5"},"down":{"uv":[7.2,5.2,6.4,6],"rotation":270,"texture":"#5"}}},{"from":[3.21289,10.78711,6.2683],"to":[5.21289,12.78711,8.7683],"rotation":{"angle":-45,"axis":"z","origin":[8,8,8]},"faces":{"north":{"uv":[6.8,6.4,7.6,7.2],"texture":"#5"},"east":{"uv":[6,0,7,0.8],"texture":"#5"},"south":{"uv":[5.6,6.4,6.4,7.2],"texture":"#5"},"west":{"uv":[6,1.2,7,2],"texture":"#5"},"up":{"uv":[1,7.2,0,6.4],"rotation":90,"texture":"#5"},"down":{"uv":[2.6,6.4,1.6,7.2],"rotation":270,"texture":"#5"}}},{"from":[10.07487,2.31124,10.3933],"to":[11.07487,4.06124,11.6433],"rotation":{"angle":-22.5,"axis":"z","origin":[8,8,8]},"faces":{"north":{"uv":[11.6,0,12,0.7],"texture":"#5"},"east":{"uv":[10.4,4.8,10.9,5.5],"texture":"#5"},"south":{"uv":[11.2,9.6,11.6,10.3],"texture":"#5"},"west":{"uv":[6,10.8,6.5,11.5],"texture":"#5"},"up":{"uv":[6.1,13.6,5.6,13.2],"rotation":90,"texture":"#5"},"down":{"uv":[13.7,6,13.2,6.4],"rotation":270,"texture":"#5"}}},{"from":[12.24352,4.06966,10.5183],"to":[13.49352,5.31966,11.5183],"rotation":{"angle":-45,"axis":"z","origin":[8,8,8]},"faces":{"north":{"uv":[12,1.2,12.5,1.7],"texture":"#5"},"east":{"uv":[6.8,13.2,7.2,13.7],"texture":"#5"},"south":{"uv":[11.6,10.8,12.1,11.3],"texture":"#5"},"up":{"uv":[13.6,7.3,13.2,6.8],"rotation":90,"texture":"#5"},"down":{"uv":[8,13.2,7.6,13.7],"rotation":270,"texture":"#5"}}},{"from":[6.47111,1.42058,10.6433],"to":[8.22111,2.67058,11.3933],"rotation":{"angle":22.5,"axis":"z","origin":[8,8,8]},"faces":{"north":{"uv":[7.2,10.8,7.9,11.3],"texture":"#5"},"east":{"uv":[14,12,14.3,12.5],"texture":"#5"},"south":{"uv":[10.8,6,11.5,6.5],"texture":"#5"},"up":{"uv":[13.5,0.7,13.2,0],"rotation":90,"texture":"#5"},"down":{"uv":[1.1,13.2,0.8,13.9],"rotation":270,"texture":"#5"}}},{"from":[7.69436,11.51041,6.3933],"to":[9.19436,14.51041,8.6433],"rotation":{"angle":22.5,"axis":"z","origin":[8,8,8]},"faces":{"north":{"uv":[3.2,6.4,3.8,7.6],"texture":"#5"},"east":{"uv":[3.2,3.2,4.1,4.4],"texture":"#5"},"south":{"uv":[6.4,2.4,7,3.6],"texture":"#5"},"west":{"uv":[4.4,0,5.3,1.2],"texture":"#5"},"up":{"uv":[0.9,8.2,0,7.6],"rotation":90,"texture":"#5"},"down":{"uv":[8.5,0,7.6,0.6],"rotation":270,"texture":"#5"}}},{"from":[6.80564,11.51041,6.3933],"to":[8.30564,14.51041,8.6433],"rotation":{"angle":-22.5,"axis":"z","origin":[8,8,8]},"faces":{"north":{"uv":[3.8,6.4,3.2,7.6],"texture":"#5"},"east":{"uv":[5.3,0,4.4,1.2],"texture":"#5"},"south":{"uv":[7,2.4,6.4,3.6],"texture":"#5"},"west":{"uv":[4.1,3.2,3.2,4.4],"texture":"#5"},"up":{"uv":[0.9,7.6,0,8.2],"rotation":90,"texture":"#5"},"down":{"uv":[8.5,0.6,7.6,0],"rotation":270,"texture":"#5"}}},{"from":[9.00184,-0.51157,11.0133],"to":[11.00184,3.98843,11.0233],"rotation":{"angle":0,"axis":"y","origin":[8,8,8]},"faces":{"north":{"uv":[0,0,0.8,1.8],"texture":"#5"},"south":{"uv":[0.8,0,0,1.8],"texture":"#5"}}},{"from":[4.92513,2.31124,10.3933],"to":[5.92513,4.06124,11.6433],"rotation":{"angle":22.5,"axis":"z","origin":[8,8,8]},"faces":{"north":{"uv":[12,0,11.6,0.7],"texture":"#5"},"east":{"uv":[6.5,10.8,6,11.5],"texture":"#5"},"south":{"uv":[11.6,9.6,11.2,10.3],"texture":"#5"},"west":{"uv":[10.9,4.8,10.4,5.5],"texture":"#5"},"up":{"uv":[6.1,13.2,5.6,13.6],"rotation":90,"texture":"#5"},"down":{"uv":[13.7,6.4,13.2,6],"rotation":270,"texture":"#5"}}},{"from":[2.50648,4.06966,10.5183],"to":[3.75648,5.31966,11.5183],"rotation":{"angle":45,"axis":"z","origin":[8,8,8]},"faces":{"north":{"uv":[12.5,1.2,12,1.7],"texture":"#5"},"south":{"uv":[12.1,10.8,11.6,11.3],"texture":"#5"},"west":{"uv":[7.2,13.2,6.8,13.7],"texture":"#5"},"up":{"uv":[13.6,6.8,13.2,7.3],"rotation":90,"texture":"#5"},"down":{"uv":[8,13.7,7.6,13.2],"rotation":270,"texture":"#5"}}},{"from":[7.77889,1.42058,10.6433],"to":[9.52889,2.67058,11.3933],"rotation":{"angle":-22.5,"axis":"z","origin":[8,8,8]},"faces":{"north":{"uv":[7.9,10.8,7.2,11.3],"texture":"#5"},"south":{"uv":[11.5,6,10.8,6.5],"texture":"#5"},"west":{"uv":[14.3,12,14,12.5],"texture":"#5"},"up":{"uv":[13.5,0,13.2,0.7],"rotation":90,"texture":"#5"},"down":{"uv":[1.1,13.9,0.8,13.2],"rotation":270,"texture":"#5"}}},{"from":[4.99816,-0.51157,11.0133],"to":[6.99816,3.98843,11.0233],"rotation":{"angle":0,"axis":"y","origin":[8,8,8]},"faces":{"north":{"uv":[0.8,0,0,1.8],"texture":"#5"},"south":{"uv":[0,0,0.8,1.8],"texture":"#5"}}},{"from":[6.625,13.38102,3.18433],"to":[9.375,16.13102,5.93433],"rotation":{"angle":22.5,"axis":"x","origin":[8,8,8]},"faces":{"north":{"uv":[2.8,0,3.9,1.1],"texture":"#5"},"east":{"uv":[2.8,1.6,3.9,2.7],"texture":"#5"},"south":{"uv":[1.2,0,2.3,1.1],"texture":"#5"},"west":{"uv":[1.2,1.6,2.3,2.7],"texture":"#5"},"up":{"uv":[1.1,4.3,0,3.2],"rotation":180,"texture":"#5"},"down":{"uv":[2.7,3.2,1.6,4.3],"rotation":180,"texture":"#5"}}},{"from":[7.125,12.88102,3.18433],"to":[8.875,13.38102,3.43433],"rotation":{"angle":22.5,"axis":"x","origin":[8,8,8]},"faces":{"north":{"uv":[14,14,14.7,14.2],"texture":"#5"},"east":{"uv":[8.4,14.8,8.5,15],"texture":"#5"},"south":{"uv":[14,13.2,14.7,13.4],"texture":"#5"},"west":{"uv":[14.8,8,14.9,8.2],"texture":"#5"},"down":{"uv":[15.5,2.4,14.8,2.5],"rotation":180,"texture":"#5"}}},{"from":[10.03957,10.80953,5.20871],"to":[11.28957,11.30953,5.45871],"rotation":{"angle":-22.5,"axis":"y","origin":[8,8,8]},"faces":{"north":{"uv":[14.4,9.2,14.9,9.4],"texture":"#5"},"east":{"uv":[10,14.8,10.1,15],"texture":"#5"},"south":{"uv":[6.4,14.4,6.9,14.6],"texture":"#5"},"west":{"uv":[9.2,14.8,9.3,15],"texture":"#5"},"down":{"uv":[5.3,14.8,4.8,14.9],"rotation":180,"texture":"#5"}}},{"from":[9.53957,11.30953,5.20871],"to":[11.78957,13.55953,7.45871],"rotation":{"angle":-22.5,"axis":"y","origin":[8,8,8]},"faces":{"north":{"uv":[1.6,4.8,2.5,5.7],"texture":"#5"},"east":{"uv":[3.2,4.8,4.1,5.7],"texture":"#5"},"south":{"uv":[4.4,1.6,5.3,2.5],"texture":"#5"},"west":{"uv":[0,4.8,0.9,5.7],"texture":"#5"},"up":{"uv":[5.7,4.1,4.8,3.2],"rotation":180,"texture":"#5"},"down":{"uv":[5.7,4.8,4.8,5.7],"rotation":180,"texture":"#5"}}},{"from":[4.21043,11.30953,5.20871],"to":[6.46043,13.55953,7.45871],"rotation":{"angle":22.5,"axis":"y","origin":[8,8,8]},"faces":{"north":{"uv":[2.5,4.8,1.6,5.7],"texture":"#5"},"east":{"uv":[0.9,4.8,0,5.7],"texture":"#5"},"south":{"uv":[5.3,1.6,4.4,2.5],"texture":"#5"},"west":{"uv":[4.1,4.8,3.2,5.7],"texture":"#5"},"up":{"uv":[4.8,4.1,5.7,3.2],"rotation":180,"texture":"#5"},"down":{"uv":[4.8,4.8,5.7,5.7],"rotation":180,"texture":"#5"}}},{"from":[4.71043,10.80953,5.20871],"to":[5.96043,11.30953,5.45871],"rotation":{"angle":22.5,"axis":"y","origin":[8,8,8]},"faces":{"north":{"uv":[14.9,9.2,14.4,9.4],"texture":"#5"},"east":{"uv":[9.3,14.8,9.2,15],"texture":"#5"},"south":{"uv":[6.9,14.4,6.4,14.6],"texture":"#5"},"west":{"uv":[10.1,14.8,10,15],"texture":"#5"},"down":{"uv":[4.8,14.8,5.3,14.9],"rotation":180,"texture":"#5"}}},{"from":[7.25,9.91644,6.7683],"to":[8.75,11.41644,8.2683],"rotation":{"angle":0,"axis":"y","origin":[8,8,8]},"faces":{"north":{"uv":[6.4,9.6,7,10.2],"texture":"#5"},"east":{"uv":[9.2,4.8,9.8,5.4],"texture":"#5"},"south":{"uv":[5.2,9.2,5.8,9.8],"texture":"#5"},"west":{"uv":[9.6,6,10.2,6.6],"texture":"#5"},"up":{"uv":[10.2,7.8,9.6,7.2],"rotation":90,"texture":"#5"},"down":{"uv":[8.2,9.6,7.6,10.2],"rotation":270,"texture":"#5"}}},{"from":[7.25,6.64827,7.504],"to":[8.75,8.14827,9.004],"rotation":{"angle":0,"axis":"y","origin":[8,8,8]},"faces":{"north":{"uv":[10,1.2,10.6,1.8],"texture":"#5"},"east":{"uv":[9.6,8.4,10.2,9],"texture":"#5"},"south":{"uv":[8.8,9.6,9.4,10.2],"texture":"#5"},"west":{"uv":[0,10,0.6,10.6],"texture":"#5"},"up":{"uv":[3,10.6,2.4,10],"rotation":90,"texture":"#5"},"down":{"uv":[10.6,2.4,10,3],"rotation":270,"texture":"#5"}}},{"from":[7.5,5.06082,8.22665],"to":[8.5,7.06082,9.22665],"rotation":{"angle":22.5,"axis":"x","origin":[8,8,8]},"faces":{"north":{"uv":[2.4,11.2,2.8,12],"texture":"#5"},"east":{"uv":[10.8,10.8,11.2,11.6],"texture":"#5"},"south":{"uv":[0,11.2,0.4,12],"texture":"#5"},"west":{"uv":[11.2,1.2,11.6,2],"texture":"#5"},"up":{"uv":[4.4,14,4,13.6],"rotation":90,"texture":"#5"},"down":{"uv":[14,9.6,13.6,10],"rotation":270,"texture":"#5"}}},{"from":[7.625,2.36797,6.73127],"to":[8.375,4.11797,7.48127],"rotation":{"angle":0,"axis":"y","origin":[8,8,8]},"faces":{"north":{"uv":[3.2,13.2,3.5,13.9],"texture":"#5"},"east":{"uv":[13.2,1.2,13.5,1.9],"texture":"#5"},"south":{"uv":[1.6,13.2,1.9,13.9],"texture":"#5"},"west":{"uv":[13.2,2.4,13.5,3.1],"texture":"#5"},"up":{"uv":[12.7,14.3,12.4,14],"rotation":90,"texture":"#5"},"down":{"uv":[7.9,14.4,7.6,14.7],"rotation":270,"texture":"#5"}}},{"from":[7.75,3.0195,2.86845],"to":[8.25,4.0195,3.36845],"rotation":{"angle":-45,"axis":"x","origin":[8,8,8]},"faces":{"north":{"uv":[14.8,1.6,15,2],"texture":"#5"},"east":{"uv":[13.2,14.4,13.4,14.8],"texture":"#5"},"south":{"uv":[14.8,0,15,0.4],"texture":"#5"},"west":{"uv":[14.8,0.8,15,1.2],"texture":"#5"},"up":{"uv":[15,6.6,14.8,6.4],"rotation":90,"texture":"#5"},"down":{"uv":[15,7.2,14.8,7.4],"rotation":270,"texture":"#5"}}},{"from":[7.375,3.84185,8.10556],"to":[8.625,5.09185,9.35556],"rotation":{"angle":22.5,"axis":"x","origin":[8,8,8]},"faces":{"north":{"uv":[8.4,12,8.9,12.5],"texture":"#5"},"east":{"uv":[12,6.4,12.5,6.9],"texture":"#5"},"south":{"uv":[7.2,12,7.7,12.5],"texture":"#5"},"west":{"uv":[12,7.6,12.5,8.1],"texture":"#5"},"up":{"uv":[12.5,9.3,12,8.8],"rotation":90,"texture":"#5"},"down":{"uv":[10.1,12,9.6,12.5],"rotation":270,"texture":"#5"}}},{"from":[7.5,2.28221,4.59756],"to":[8.5,3.28221,5.59756],"rotation":{"angle":-22.5,"axis":"x","origin":[8,8,8]},"faces":{"north":{"uv":[14,0.8,14.4,1.2],"texture":"#5"},"east":{"uv":[13.6,10.4,14,10.8],"texture":"#5"},"south":{"uv":[13.2,13.6,13.6,14],"texture":"#5"},"west":{"uv":[14,0,14.4,0.4],"texture":"#5"},"up":{"uv":[14.4,2,14,1.6],"rotation":90,"texture":"#5"},"down":{"uv":[14.4,2.4,14,2.8],"rotation":270,"texture":"#5"}}},{"from":[7.375,7.75295,7.65022],"to":[8.625,10.25295,8.90022],"rotation":{"angle":-22.5,"axis":"x","origin":[8,8,8]},"faces":{"north":{"uv":[4.4,7.6,4.9,8.6],"texture":"#5"},"east":{"uv":[7.6,1.2,8.1,2.2],"texture":"#5"},"south":{"uv":[1.6,7.6,2.1,8.6],"texture":"#5"},"west":{"uv":[7.6,2.8,8.1,3.8],"texture":"#5"},"up":{"uv":[12.5,5.7,12,5.2],"rotation":90,"texture":"#5"},"down":{"uv":[6.5,12,6,12.5],"rotation":270,"texture":"#5"}}},{"from":[8.59024,9.21644,7.28489],"to":[10.34024,10.46644,8.53489],"rotation":{"angle":22.5,"axis":"y","origin":[8,8,8]},"faces":{"north":{"uv":[8.4,10.8,9.1,11.3],"texture":"#5"},"east":{"uv":[10.8,12,11.3,12.5],"texture":"#5"},"south":{"uv":[10.8,7.2,11.5,7.7],"texture":"#5"},"west":{"uv":[12,12,12.5,12.5],"texture":"#5"},"up":{"uv":[11.3,9.1,10.8,8.4],"rotation":90,"texture":"#5"},"down":{"uv":[10.1,10.8,9.6,11.5],"rotation":270,"texture":"#5"}}},{"from":[9.9574,9.34144,8.31474],"to":[11.7074,10.34144,9.31474],"rotation":{"angle":45,"axis":"y","origin":[8,8,8]},"faces":{"north":{"uv":[4,11.6,4.7,12],"texture":"#5"},"east":{"uv":[4.8,14,5.2,14.4],"texture":"#5"},"south":{"uv":[0,2.4,0.7,2.8],"texture":"#5"},"up":{"uv":[12,4.7,11.6,4],"rotation":90,"texture":"#5"},"down":{"uv":[5.6,11.6,5.2,12.3],"rotation":270,"texture":"#5"}}},{"from":[11.10384,9.46644,5.98398],"to":[11.85384,10.21644,7.73398],"rotation":{"angle":22.5,"axis":"y","origin":[8,8,8]},"faces":{"north":{"uv":[14.4,10,14.7,10.3],"texture":"#5"},"east":{"uv":[12.8,11.2,13.5,11.5],"texture":"#5"},"west":{"uv":[13.2,3.6,13.9,3.9],"texture":"#5"},"up":{"uv":[13.9,4.7,13.2,4.4],"rotation":90,"texture":"#5"},"down":{"uv":[13.9,5.2,13.2,5.5],"rotation":270,"texture":"#5"}}},{"from":[5.65976,9.21644,7.28489],"to":[7.40976,10.46644,8.53489],"rotation":{"angle":-22.5,"axis":"y","origin":[8,8,8]},"faces":{"north":{"uv":[9.1,10.8,8.4,11.3],"texture":"#5"},"east":{"uv":[12.5,12,12,12.5],"texture":"#5"},"south":{"uv":[11.5,7.2,10.8,7.7],"texture":"#5"},"west":{"uv":[11.3,12,10.8,12.5],"texture":"#5"},"up":{"uv":[11.3,8.4,10.8,9.1],"rotation":90,"texture":"#5"},"down":{"uv":[10.1,11.5,9.6,10.8],"rotation":270,"texture":"#5"}}},{"from":[4.2926,9.34144,8.31474],"to":[6.0426,10.34144,9.31474],"rotation":{"angle":-45,"axis":"y","origin":[8,8,8]},"faces":{"north":{"uv":[4.7,11.6,4,12],"texture":"#5"},"south":{"uv":[0.7,2.4,0,2.8],"texture":"#5"},"west":{"uv":[5.2,14,4.8,14.4],"texture":"#5"},"up":{"uv":[12,4,11.6,4.7],"rotation":90,"texture":"#5"},"down":{"uv":[5.6,12.3,5.2,11.6],"rotation":270,"texture":"#5"}}},{"from":[4.14616,9.46644,5.98398],"to":[4.89616,10.21644,7.73398],"rotation":{"angle":-22.5,"axis":"y","origin":[8,8,8]},"faces":{"north":{"uv":[14.7,10,14.4,10.3],"texture":"#5"},"east":{"uv":[13.9,3.6,13.2,3.9],"texture":"#5"},"west":{"uv":[13.5,11.2,12.8,11.5],"texture":"#5"},"up":{"uv":[13.9,4.4,13.2,4.7],"rotation":90,"texture":"#5"},"down":{"uv":[13.9,5.5,13.2,5.2],"rotation":270,"texture":"#5"}}},{"from":[8.59024,7.21644,7.28489],"to":[10.34024,8.46644,8.53489],"rotation":{"angle":22.5,"axis":"y","origin":[8,8,8]},"faces":{"north":{"uv":[8.4,10.8,9.1,11.3],"texture":"#5"},"east":{"uv":[10.8,12,11.3,12.5],"texture":"#5"},"south":{"uv":[10.8,7.2,11.5,7.7],"texture":"#5"},"west":{"uv":[12,12,12.5,12.5],"texture":"#5"},"up":{"uv":[11.3,9.1,10.8,8.4],"rotation":90,"texture":"#5"},"down":{"uv":[10.1,10.8,9.6,11.5],"rotation":270,"texture":"#5"}}},{"from":[9.9574,7.34144,8.31474],"to":[11.7074,8.34144,9.31474],"rotation":{"angle":45,"axis":"y","origin":[8,8,8]},"faces":{"north":{"uv":[4,11.6,4.7,12],"texture":"#5"},"east":{"uv":[4.8,14,5.2,14.4],"texture":"#5"},"south":{"uv":[0,2.4,0.7,2.8],"texture":"#5"},"up":{"uv":[12,4.7,11.6,4],"rotation":90,"texture":"#5"},"down":{"uv":[5.6,11.6,5.2,12.3],"rotation":270,"texture":"#5"}}},{"from":[11.10384,7.46644,5.98398],"to":[11.85384,8.21644,7.73398],"rotation":{"angle":22.5,"axis":"y","origin":[8,8,8]},"faces":{"north":{"uv":[14.4,10,14.7,10.3],"texture":"#5"},"east":{"uv":[12.8,11.2,13.5,11.5],"texture":"#5"},"west":{"uv":[13.2,3.6,13.9,3.9],"texture":"#5"},"up":{"uv":[13.9,4.7,13.2,4.4],"rotation":90,"texture":"#5"},"down":{"uv":[13.9,5.2,13.2,5.5],"rotation":270,"texture":"#5"}}},{"from":[4.14616,7.46644,5.98398],"to":[4.89616,8.21644,7.73398],"rotation":{"angle":-22.5,"axis":"y","origin":[8,8,8]},"faces":{"north":{"uv":[14.7,10,14.4,10.3],"texture":"#5"},"east":{"uv":[13.9,3.6,13.2,3.9],"texture":"#5"},"west":{"uv":[13.5,11.2,12.8,11.5],"texture":"#5"},"up":{"uv":[13.9,4.4,13.2,4.7],"rotation":90,"texture":"#5"},"down":{"uv":[13.9,5.5,13.2,5.2],"rotation":270,"texture":"#5"}}},{"from":[4.2926,7.34144,8.31474],"to":[6.0426,8.34144,9.31474],"rotation":{"angle":-45,"axis":"y","origin":[8,8,8]},"faces":{"north":{"uv":[4.7,11.6,4,12],"texture":"#5"},"south":{"uv":[0.7,2.4,0,2.8],"texture":"#5"},"west":{"uv":[5.2,14,4.8,14.4],"texture":"#5"},"up":{"uv":[12,4,11.6,4.7],"rotation":90,"texture":"#5"},"down":{"uv":[5.6,12.3,5.2,11.6],"rotation":270,"texture":"#5"}}},{"from":[5.65976,7.21644,7.28489],"to":[7.40976,8.46644,8.53489],"rotation":{"angle":-22.5,"axis":"y","origin":[8,8,8]},"faces":{"north":{"uv":[9.1,10.8,8.4,11.3],"texture":"#5"},"east":{"uv":[12.5,12,12,12.5],"texture":"#5"},"south":{"uv":[11.5,7.2,10.8,7.7],"texture":"#5"},"west":{"uv":[11.3,12,10.8,12.5],"texture":"#5"},"up":{"uv":[11.3,8.4,10.8,9.1],"rotation":90,"texture":"#5"},"down":{"uv":[10.1,11.5,9.6,10.8],"rotation":270,"texture":"#5"}}},{"from":[8.59024,5.21644,7.28489],"to":[10.34024,6.46644,8.53489],"rotation":{"angle":22.5,"axis":"y","origin":[8,8,8]},"faces":{"north":{"uv":[8.4,10.8,9.1,11.3],"texture":"#5"},"east":{"uv":[10.8,12,11.3,12.5],"texture":"#5"},"south":{"uv":[10.8,7.2,11.5,7.7],"texture":"#5"},"west":{"uv":[12,12,12.5,12.5],"texture":"#5"},"up":{"uv":[11.3,9.1,10.8,8.4],"rotation":90,"texture":"#5"},"down":{"uv":[10.1,10.8,9.6,11.5],"rotation":270,"texture":"#5"}}},{"from":[9.9574,5.34144,8.31474],"to":[11.7074,6.34144,9.31474],"rotation":{"angle":45,"axis":"y","origin":[8,8,8]},"faces":{"north":{"uv":[4,11.6,4.7,12],"texture":"#5"},"east":{"uv":[4.8,14,5.2,14.4],"texture":"#5"},"south":{"uv":[0,2.4,0.7,2.8],"texture":"#5"},"up":{"uv":[12,4.7,11.6,4],"rotation":90,"texture":"#5"},"down":{"uv":[5.6,11.6,5.2,12.3],"rotation":270,"texture":"#5"}}},{"from":[11.10384,5.46644,5.98398],"to":[11.85384,6.21644,7.73398],"rotation":{"angle":22.5,"axis":"y","origin":[8,8,8]},"faces":{"north":{"uv":[14.4,10,14.7,10.3],"texture":"#5"},"east":{"uv":[12.8,11.2,13.5,11.5],"texture":"#5"},"west":{"uv":[13.2,3.6,13.9,3.9],"texture":"#5"},"up":{"uv":[13.9,4.7,13.2,4.4],"rotation":90,"texture":"#5"},"down":{"uv":[13.9,5.2,13.2,5.5],"rotation":270,"texture":"#5"}}},{"from":[4.14616,5.46644,5.98398],"to":[4.89616,6.21644,7.73398],"rotation":{"angle":-22.5,"axis":"y","origin":[8,8,8]},"faces":{"north":{"uv":[14.7,10,14.4,10.3],"texture":"#5"},"east":{"uv":[13.9,3.6,13.2,3.9],"texture":"#5"},"west":{"uv":[13.5,11.2,12.8,11.5],"texture":"#5"},"up":{"uv":[13.9,4.4,13.2,4.7],"rotation":90,"texture":"#5"},"down":{"uv":[13.9,5.5,13.2,5.2],"rotation":270,"texture":"#5"}}},{"from":[4.2926,5.34144,8.31474],"to":[6.0426,6.34144,9.31474],"rotation":{"angle":-45,"axis":"y","origin":[8,8,8]},"faces":{"north":{"uv":[4.7,11.6,4,12],"texture":"#5"},"south":{"uv":[0.7,2.4,0,2.8],"texture":"#5"},"west":{"uv":[5.2,14,4.8,14.4],"texture":"#5"},"up":{"uv":[12,4,11.6,4.7],"rotation":90,"texture":"#5"},"down":{"uv":[5.6,12.3,5.2,11.6],"rotation":270,"texture":"#5"}}},{"from":[5.65976,5.21644,7.28489],"to":[7.40976,6.46644,8.53489],"rotation":{"angle":-22.5,"axis":"y","origin":[8,8,8]},"faces":{"north":{"uv":[9.1,10.8,8.4,11.3],"texture":"#5"},"east":{"uv":[12.5,12,12,12.5],"texture":"#5"},"south":{"uv":[11.5,7.2,10.8,7.7],"texture":"#5"},"west":{"uv":[11.3,12,10.8,12.5],"texture":"#5"},"up":{"uv":[11.3,8.4,10.8,9.1],"rotation":90,"texture":"#5"},"down":{"uv":[10.1,11.5,9.6,10.8],"rotation":270,"texture":"#5"}}},{"from":[11.25363,3.74637,7.2683],"to":[12.25363,4.74637,10.2683],"rotation":{"angle":-45,"axis":"z","origin":[8,8,8]},"faces":{"north":{"uv":[14,6.8,14.4,7.2],"texture":"#5"},"east":{"uv":[7.6,4.4,8.8,4.8],"texture":"#5"},"south":{"uv":[5.6,14,6,14.4],"texture":"#5"},"west":{"uv":[7.6,5.2,8.8,5.6],"texture":"#5"},"up":{"uv":[6.8,8,5.6,7.6],"rotation":90,"texture":"#5"},"down":{"uv":[8.4,7.6,7.2,8],"rotation":270,"texture":"#5"}}},{"from":[9.92099,9.92099,10.2683],"to":[11.42099,11.42099,11.7683],"rotation":{"angle":45,"axis":"z","origin":[8,8,8]},"faces":{"north":{"uv":[3.6,10.4,4.2,11],"texture":"#5"},"east":{"uv":[10,9.6,10.6,10.2],"texture":"#5"},"south":{"uv":[10.4,0,11,0.6],"texture":"#5"},"west":{"uv":[1.2,10.4,1.8,11],"texture":"#5"},"up":{"uv":[11,4.2,10.4,3.6],"rotation":90,"texture":"#5"},"down":{"uv":[5.4,10.4,4.8,11],"rotation":270,"texture":"#5"}}},{"from":[9.45132,9.45132,10.5183],"to":[10.45132,10.45132,11.5183],"rotation":{"angle":45,"axis":"z","origin":[8,8,8]},"faces":{"north":{"uv":[10.8,14,11.2,14.4],"texture":"#5"},"east":{"uv":[14,8.4,14.4,8.8],"texture":"#5"},"south":{"uv":[9.2,14,9.6,14.4],"texture":"#5"},"west":{"uv":[10,14,10.4,14.4],"texture":"#5"},"up":{"uv":[14.4,11.6,14,11.2],"rotation":90,"texture":"#5"},"down":{"uv":[12,14,11.6,14.4],"rotation":270,"texture":"#5"}}},{"from":[10.17099,10.17099,7.2683],"to":[11.17099,11.17099,10.2683],"rotation":{"angle":45,"axis":"z","origin":[8,8,8]},"faces":{"north":{"uv":[8.4,14,8.8,14.4],"texture":"#5"},"east":{"uv":[2.8,8,4,8.4],"texture":"#5"},"south":{"uv":[14,7.6,14.4,8],"texture":"#5"},"west":{"uv":[8,6,9.2,6.4],"texture":"#5"},"up":{"uv":[9.2,7.2,8,6.8],"rotation":90,"texture":"#5"},"down":{"uv":[6.8,8.4,5.6,8.8],"rotation":270,"texture":"#5"}}},{"from":[7.67428,-0.01554,14.10394],"to":[10.67428,17.98446,14.13394],"rotation":{"angle":45,"axis":"y","origin":[8,8,8]},"faces":{"north":{"uv":[8.4,0,10.8,14.4],"texture":"#2"},"south":{"uv":[10.8,0,8.4,14.4],"texture":"#2"}}},{"from":[14.19835,-0.01554,7.94635],"to":[14.22835,17.98446,10.44635],"rotation":{"angle":0,"axis":"y","origin":[8,8,8]},"faces":{"east":{"uv":[8.4,0,6.4,14.4],"texture":"#2"},"west":{"uv":[6.4,0,8.4,14.4],"texture":"#2"}}},{"from":[13.74478,-0.01554,7.83392],"to":[13.77478,17.98446,10.33392],"rotation":{"angle":22.5,"axis":"y","origin":[8,8,8]},"faces":{"east":{"uv":[6.4,0,4.4,14.4],"texture":"#2"},"west":{"uv":[4.4,0,6.4,14.4],"texture":"#2"}}},{"from":[8.96594,-0.01554,3.79918],"to":[11.96594,17.98446,3.82918],"rotation":{"angle":-22.5,"axis":"y","origin":[8,8,8]},"faces":{"north":{"uv":[4.4,0,2,14.4],"texture":"#2"},"south":{"uv":[2,0,4.4,14.4],"texture":"#2"}}},{"from":[8,-0.01554,4.4886],"to":[10.5,17.98446,4.5186],"rotation":{"angle":0,"axis":"y","origin":[8,8,8]},"faces":{"north":{"uv":[2,0,0,14.4],"texture":"#2"},"south":{"uv":[0,0,2,14.4],"texture":"#2"}}},{"from":[5.5,-0.01554,4.4886],"to":[8,17.98446,4.5186],"rotation":{"angle":0,"axis":"y","origin":[8,8,8]},"faces":{"north":{"uv":[0,0,2,14.4],"texture":"#2"},"south":{"uv":[2,0,0,14.4],"texture":"#2"}}},{"from":[4.03406,-0.01554,3.79918],"to":[7.03406,17.98446,3.82918],"rotation":{"angle":22.5,"axis":"y","origin":[8,8,8]},"faces":{"north":{"uv":[2,0,4.4,14.4],"texture":"#2"},"south":{"uv":[4.4,0,2,14.4],"texture":"#2"}}},{"from":[2.22522,-0.01554,7.83392],"to":[2.25522,17.98446,10.33392],"rotation":{"angle":-22.5,"axis":"y","origin":[8,8,8]},"faces":{"east":{"uv":[6.4,0,4.4,14.4],"texture":"#2"},"west":{"uv":[4.4,0,6.4,14.4],"texture":"#2"}}},{"from":[1.77165,-0.01554,7.94635],"to":[1.80165,17.98446,10.44635],"rotation":{"angle":0,"axis":"y","origin":[8,8,8]},"faces":{"east":{"uv":[8.4,0,6.4,14.4],"texture":"#2"},"west":{"uv":[6.4,0,8.4,14.4],"texture":"#2"}}},{"from":[5.32572,-0.01554,14.10394],"to":[8.32572,17.98446,14.13394],"rotation":{"angle":-45,"axis":"y","origin":[8,8,8]},"faces":{"north":{"uv":[10.8,0,8.4,14.4],"texture":"#2"},"south":{"uv":[8.4,0,10.8,14.4],"texture":"#2"}}},{"from":[4.89629,-2.76554,7.75311],"to":[7.89629,17.23446,7.78311],"rotation":{"angle":22.5,"axis":"y","origin":[8,8,8]},"faces":{"north":{"uv":[0,0,2.4,16],"texture":"#3"},"south":{"uv":[2.4,0,0,16],"texture":"#3"}}},{"from":[3.04954,-2.76554,8.95736],"to":[5.04954,17.23446,8.98736],"rotation":{"angle":0,"axis":"y","origin":[3.09028,7.23446,9.16317]},"faces":{"north":{"uv":[2.4,0,4,16],"texture":"#3"},"south":{"uv":[4,0,2.4,16],"texture":"#3"}}},{"from":[0.98536,-2.76554,8.92838],"to":[2.98536,17.23446,8.95838],"rotation":{"angle":-22.5,"axis":"y","origin":[2.94462,7.23446,9.13419]},"faces":{"north":{"uv":[4,0,5.6,16],"texture":"#3"},"south":{"uv":[5.6,0,4,16],"texture":"#3"}}},{"from":[8.10371,-2.76554,7.75311],"to":[11.10371,17.23446,7.78311],"rotation":{"angle":-22.5,"axis":"y","origin":[8,8,8]},"faces":{"north":{"uv":[2.4,0,0,16],"texture":"#3"},"south":{"uv":[0,0,2.4,16],"texture":"#3"}}},{"from":[10.95046,-2.76554,8.95736],"to":[12.95046,17.23446,8.98736],"rotation":{"angle":0,"axis":"y","origin":[12.90972,7.23446,9.16317]},"faces":{"north":{"uv":[4,0,2.4,16],"texture":"#3"},"south":{"uv":[2.4,0,4,16],"texture":"#3"}}},{"from":[13.01464,-2.76554,8.92838],"to":[15.01464,17.23446,8.95838],"rotation":{"angle":22.5,"axis":"y","origin":[13.05538,7.23446,9.13419]},"faces":{"north":{"uv":[5.6,0,4,16],"texture":"#3"},"south":{"uv":[4,0,5.6,16],"texture":"#3"}}}],"gui_light":"front","display":{"thirdperson_righthand":{"rotation":[30,-35,0],"translation":[1.75,0.25,-1.5]},"thirdperson_lefthand":{"rotation":[30,-35,0],"translation":[1.75,0.25,-1.5]},"firstperson_righthand":{"rotation":[6.75,0,0],"translation":[-9,2.25,3.75],"scale":[0.7,0.7,0.7]},"firstperson_lefthand":{"rotation":[6.75,0,0],"translation":[-9,2.25,3.75],"scale":[0.7,0.7,0.7]},"ground":{"rotation":[45,0,0],"translation":[0,3,0],"scale":[0.7,0.7,0.7]},"gui":{"rotation":[0,180,-45],"translation":[0.25,0,0],"scale":[0.7,0.7,0.7]},"fixed":{"translation":[0,2.75,-6.5],"scale":[2,2,2]}},"mcmodels":"4ebf10fe68645e475963b35a0d647cc7"}