{"credit":"Pologony Creation Co.,Ltd.","textures":{"2":"darkwitherset:animations/soul_animation_3","3":"darkwitherset:animations/animation_2","4":"darkwitherset:shovel","particle":"darkwitherset:animations/soul_animation_3"},"elements":[{"from":[7.25,-1.25,7.75],"to":[8.75,0.25,9.25],"rotation":{"angle":-45,"axis":"x","origin":[7.5,-1,8]},"faces":{"north":{"uv":[10,6.5,10.75,7.25],"texture":"#4"},"east":{"uv":[10,8,10.75,8.75],"texture":"#4"},"south":{"uv":[10,9.5,10.75,10.25],"texture":"#4"},"west":{"uv":[10.5,0,11.25,0.75],"texture":"#4"},"up":{"uv":[3.75,11.25,3,10.5],"texture":"#4"},"down":{"uv":[5.25,10.5,4.5,11.25],"texture":"#4"}}},{"from":[7.475,-3.21287,7.825],"to":[8.525,-2.16287,8.875],"rotation":{"angle":-45,"axis":"x","origin":[7.65,-3.03787,8]},"faces":{"north":{"uv":[3,8,3.5,8.5],"texture":"#4"},"east":{"uv":[13,12.5,13.5,13],"texture":"#4"},"south":{"uv":[4,13.5,4.5,14],"texture":"#4"},"west":{"uv":[13.5,4.5,14,5],"texture":"#4"},"up":{"uv":[5.5,14,5,13.5],"texture":"#4"},"down":{"uv":[6.5,13.5,6,14],"texture":"#4"}}},{"from":[7.5,0.01777,8],"to":[8.5,1.01777,9],"rotation":{"angle":-45,"axis":"x","origin":[7.5,0.01777,8]},"faces":{"north":{"uv":[7,13.5,7.5,14],"texture":"#4"},"east":{"uv":[8,13.5,8.5,14],"texture":"#4"},"south":{"uv":[12,13.5,12.5,14],"texture":"#4"},"west":{"uv":[13,13.5,13.5,14],"texture":"#4"},"up":{"uv":[0.5,14.5,0,14],"texture":"#4"},"down":{"uv":[14.5,0,14,0.5],"texture":"#4"}}},{"from":[7.25,1.18198,7.25],"to":[8.75,1.68198,8.75],"rotation":{"angle":0,"axis":"y","origin":[7.5,1.18198,7.5]},"faces":{"north":{"uv":[14,2,14.75,2.25],"texture":"#4"},"east":{"uv":[14,3,14.75,3.25],"texture":"#4"},"south":{"uv":[14,8,14.75,8.25],"texture":"#4"},"west":{"uv":[9,14,9.75,14.25],"texture":"#4"},"up":{"uv":[6.75,11.25,6,10.5],"texture":"#4"},"down":{"uv":[8.25,10.5,7.5,11.25],"texture":"#4"}}},{"from":[7.25,7.18198,7.25],"to":[8.75,7.68198,8.75],"rotation":{"angle":0,"axis":"y","origin":[7.5,2.18198,7.5]},"faces":{"north":{"uv":[14,9,14.75,9.25],"texture":"#4"},"east":{"uv":[14,10,14.75,10.25],"texture":"#4"},"south":{"uv":[10.5,14,11.25,14.25],"texture":"#4"},"west":{"uv":[14,11,14.75,11.25],"texture":"#4"},"up":{"uv":[11.75,5.25,11,4.5],"texture":"#4"},"down":{"uv":[9.75,11,9,11.75],"texture":"#4"}}},{"from":[7.5,1.68198,7.5],"to":[8.5,3.18198,8.5],"rotation":{"angle":0,"axis":"y","origin":[7.5,1.68198,7.5]},"faces":{"north":{"uv":[8,12,8.5,12.75],"texture":"#4"},"east":{"uv":[12,10.5,12.5,11.25],"texture":"#4"},"south":{"uv":[12,12,12.5,12.75],"texture":"#4"},"west":{"uv":[12.5,4.5,13,5.25],"texture":"#4"},"up":{"uv":[1.5,14.5,1,14],"texture":"#4"}}},{"from":[7.5,5.68198,7.5],"to":[8.5,7.18198,8.5],"rotation":{"angle":0,"axis":"y","origin":[7.5,5.68198,7.5]},"faces":{"north":{"uv":[9,12.5,9.5,13.25],"texture":"#4"},"east":{"uv":[10,12.5,10.5,13.25],"texture":"#4"},"south":{"uv":[11,12.5,11.5,13.25],"texture":"#4"},"west":{"uv":[13,0,13.5,0.75],"texture":"#4"},"down":{"uv":[14.5,1,14,1.5],"texture":"#4"}}},{"from":[7.625,3.18198,7.625],"to":[8.375,5.68198,8.375],"rotation":{"angle":0,"axis":"y","origin":[7.625,4.18198,7.375]},"faces":{"north":{"uv":[0,12,0.375,13.25],"texture":"#4"},"east":{"uv":[1,12,1.375,13.25],"texture":"#4"},"south":{"uv":[2,12,2.375,13.25],"texture":"#4"},"west":{"uv":[3,12,3.375,13.25],"texture":"#4"}}},{"from":[7,10.68198,7],"to":[9,12.68198,9],"rotation":{"angle":0,"axis":"y","origin":[7,10.68198,7]},"faces":{"east":{"uv":[8.5,6,9.5,7],"texture":"#4"},"west":{"uv":[8.5,7.5,9.5,8.5],"texture":"#4"},"down":{"uv":[10,0,9,1],"texture":"#4"}}},{"from":[6.875,8,6.85],"to":[9.125,11,8.35],"rotation":{"angle":-22.5,"axis":"x","origin":[-0.125,8,0.6]},"faces":{"north":{"uv":[2,4.5,3.125,6],"texture":"#4"},"east":{"uv":[4,7,4.75,8.5],"texture":"#4"},"south":{"uv":[4,5,5.125,6.5],"texture":"#4"},"west":{"uv":[5.5,7,6.25,8.5],"texture":"#4"},"up":{"uv":[7.125,9.75,6,9],"texture":"#4"},"down":{"uv":[9.125,9,8,9.75],"texture":"#4"}}},{"from":[6.75,11,8.5],"to":[9.25,13,10.5],"rotation":{"angle":-45,"axis":"x","origin":[7,10.5,8]},"faces":{"north":{"uv":[6,4,7.25,5],"texture":"#4"},"east":{"uv":[3,9,4,10],"texture":"#4"},"south":{"uv":[6,5.5,7.25,6.5],"texture":"#4"},"west":{"uv":[4.5,9,5.5,10],"texture":"#4"},"up":{"uv":[1.25,7.5,0,6.5],"texture":"#4"},"down":{"uv":[3.25,6.5,2,7.5],"texture":"#4"}}},{"from":[7.375,-4,7.85],"to":[8.625,-2.25,8.85],"rotation":{"angle":-22.5,"axis":"x","origin":[-0.625,-4,1.1]},"faces":{"north":{"uv":[11.5,3,12.125,3.875],"texture":"#4"},"east":{"uv":[12,0,12.5,0.875],"texture":"#4"},"south":{"uv":[11.5,6,12.125,6.875],"texture":"#4"},"west":{"uv":[4,12,4.5,12.875],"texture":"#4"},"up":{"uv":[13.625,6.5,13,6],"texture":"#4"},"down":{"uv":[13.625,7,13,7.5],"texture":"#4"}}},{"from":[7.5,-1.72164,5.97332],"to":[8.5,-0.47164,7.22332],"rotation":{"angle":-45,"axis":"x","origin":[8,-0.57273,6.34526]},"faces":{"north":{"uv":[13,8,13.5,8.625],"texture":"#4"},"east":{"uv":[5,12,5.625,12.625],"texture":"#4"},"west":{"uv":[6.5,12,7.125,12.625],"texture":"#4"},"up":{"uv":[13.5,10.125,13,9.5],"texture":"#4"},"down":{"uv":[13.5,11,13,11.625],"texture":"#4"}}},{"from":[7.625,-1.24603,5.49816],"to":[8.375,0.00397,7.24816],"rotation":{"angle":22.5,"axis":"x","origin":[8,-0.55853,6.06066]},"faces":{"north":{"uv":[2,14,2.375,14.625],"texture":"#4"},"east":{"uv":[11.5,7.5,12.375,8.125],"texture":"#4"},"west":{"uv":[11.5,9,12.375,9.625],"texture":"#4"},"up":{"uv":[13.375,2.375,13,1.5],"texture":"#4"},"down":{"uv":[13.375,3,13,3.875],"texture":"#4"}}},{"from":[7.995,-3.49603,4.99816],"to":[8.005,1.00397,6.99816],"rotation":{"angle":0,"axis":"y","origin":[8,-0.80853,6.06066]},"faces":{"east":{"uv":[5,0,4,2.25],"texture":"#4"},"west":{"uv":[4,0,5,2.25],"texture":"#4"}}},{"from":[7.375,-4,7.15],"to":[8.625,-2.25,8.15],"rotation":{"angle":22.5,"axis":"x","origin":[-0.625,-4,14.9]},"faces":{"north":{"uv":[12.125,6,11.5,6.875],"texture":"#4"},"east":{"uv":[12.5,0,12,0.875],"texture":"#4"},"south":{"uv":[12.125,3,11.5,3.875],"texture":"#4"},"west":{"uv":[4.5,12,4,12.875],"texture":"#4"},"up":{"uv":[13.625,6,13,6.5],"texture":"#4"},"down":{"uv":[13.625,7.5,13,7],"texture":"#4"}}},{"from":[7.5,-1.72164,8.77668],"to":[8.5,-0.47164,10.02668],"rotation":{"angle":45,"axis":"x","origin":[8,-0.57273,9.65474]},"faces":{"east":{"uv":[5.625,12,5,12.625],"texture":"#4"},"south":{"uv":[13.5,8,13,8.625],"texture":"#4"},"west":{"uv":[7.125,12,6.5,12.625],"texture":"#4"},"up":{"uv":[13.5,9.5,13,10.125],"texture":"#4"},"down":{"uv":[13.5,11.625,13,11],"texture":"#4"}}},{"from":[7.625,-1.24603,8.75184],"to":[8.375,0.00397,10.50184],"rotation":{"angle":-22.5,"axis":"x","origin":[8,-0.55853,9.93934]},"faces":{"east":{"uv":[12.375,7.5,11.5,8.125],"texture":"#4"},"south":{"uv":[2.375,14,2,14.625],"texture":"#4"},"west":{"uv":[12.375,9,11.5,9.625],"texture":"#4"},"up":{"uv":[13.375,1.5,13,2.375],"texture":"#4"},"down":{"uv":[13.375,3.875,13,3],"texture":"#4"}}},{"from":[7.995,-3.49603,9.00184],"to":[8.005,1.00397,11.00184],"rotation":{"angle":0,"axis":"y","origin":[8,-0.80853,9.93934]},"faces":{"east":{"uv":[4,0,5,2.25],"texture":"#4"},"west":{"uv":[5,0,4,2.25],"texture":"#4"}}},{"from":[7.25,7.68198,7.25],"to":[8.75,10.68198,8.75],"rotation":{"angle":45,"axis":"y","origin":[8,8.43198,8]},"faces":{"north":{"uv":[7,7,7.75,8.5],"texture":"#4"},"east":{"uv":[7.5,0,8.25,1.5],"texture":"#4"},"south":{"uv":[0,8,0.75,9.5],"texture":"#4"},"west":{"uv":[1.5,8,2.25,9.5],"texture":"#4"},"up":{"uv":[11.25,11.75,10.5,11],"texture":"#4"},"down":{"uv":[12.25,1.5,11.5,2.25],"texture":"#4"}}},{"from":[7.225,7.68198,7.225],"to":[8.775,10.18198,8.775],"rotation":{"angle":45,"axis":"y","origin":[8,10.18198,8]},"faces":{"north":{"uv":[0,3.33333,2,6.66667],"texture":"#3"},"east":{"uv":[2.66667,3.33333,4.66667,6.66667],"texture":"#3"},"south":{"uv":[5.33333,3.33333,7.33333,6.66667],"texture":"#3"},"west":{"uv":[8,3.33333,10,6.66667],"texture":"#3"}}},{"from":[6.875,8,7.65],"to":[9.125,11,9.15],"rotation":{"angle":22.5,"axis":"x","origin":[-0.125,8,15.4]},"faces":{"north":{"uv":[5.5,0,6.625,1.5],"texture":"#4"},"east":{"uv":[8,2,8.75,3.5],"texture":"#4"},"south":{"uv":[6,2,7.125,3.5],"texture":"#4"},"west":{"uv":[8,4,8.75,5.5],"texture":"#4"},"up":{"uv":[10.625,2.25,9.5,1.5],"texture":"#4"},"down":{"uv":[10.625,3,9.5,3.75],"texture":"#4"}}},{"from":[7.5,11.75,8],"to":[8.5,14.75,11],"rotation":{"angle":-45,"axis":"x","origin":[7.5,11.75,8]},"faces":{"north":{"uv":[0,10,0.5,11.5],"texture":"#4"},"east":{"uv":[4,3,5.5,4.5],"texture":"#4"},"south":{"uv":[1,10,1.5,11.5],"texture":"#4"},"west":{"uv":[0,4.5,1.5,6],"texture":"#4"},"up":{"uv":[2.5,11.5,2,10],"texture":"#4"},"down":{"uv":[10.5,4.5,10,6],"texture":"#4"}}},{"from":[7.985,13,4.5],"to":[8.015,20.5,11.5],"rotation":{"angle":0,"axis":"y","origin":[7.985,13,5.5]},"faces":{"east":{"uv":[3.5,0,0,3.75],"texture":"#4"},"west":{"uv":[0,0,3.5,3.75],"texture":"#4"}}},{"from":[7.15155,13.99311,5.3407],"to":[7.18755,21.19311,8.9407],"rotation":{"angle":-22.5,"axis":"y","origin":[9.25155,16.69311,7.1401]},"faces":{"east":{"uv":[12,0,9,6],"texture":"#2"},"west":{"uv":[9,0,12,6],"texture":"#2"}}},{"from":[7.28891,13.99311,7.15109],"to":[7.32491,21.19311,10.75109],"rotation":{"angle":22.5,"axis":"y","origin":[9.08951,16.69311,9.25109]},"faces":{"east":{"uv":[3,0,0,6],"texture":"#2"},"west":{"uv":[0,0,3,6],"texture":"#2"}}},{"from":[8.76678,13.99311,7.28891],"to":[8.80278,21.19311,10.88891],"rotation":{"angle":-22.5,"axis":"y","origin":[7.30278,16.69311,9.08951]},"faces":{"east":{"uv":[3,0,6,6],"texture":"#2"},"west":{"uv":[6,0,3,6],"texture":"#2"}}},{"from":[8.9047,13.99311,5.20324],"to":[8.9407,21.19311,8.80324],"rotation":{"angle":22.5,"axis":"y","origin":[7.1401,16.69311,7.30324]},"faces":{"east":{"uv":[6,0,9,6],"texture":"#2"},"west":{"uv":[9,0,6,6],"texture":"#2"}}}],"gui_light":"front","display":{"thirdperson_righthand":{"translation":[0,1.5,1]},"thirdperson_lefthand":{"translation":[0,1,1]},"firstperson_righthand":{"rotation":[6.75,0,0],"translation":[2,1.75,0],"scale":[0.7,0.7,0.7]},"firstperson_lefthand":{"rotation":[6.75,0,0],"translation":[2,1.75,0],"scale":[0.7,0.7,0.7]},"ground":{"rotation":[-45,0,0],"translation":[0,3,0],"scale":[0.7,0.7,0.7]},"gui":{"rotation":[-90,45,90],"translation":[0.5,-0.5,0],"scale":[0.7,0.7,0.7]},"head":{"rotation":[0,-90,0]},"fixed":{"rotation":[0,-90,0],"translation":[0,0,-1.75],"scale":[2,2,2]}},"mcmodels":"4ebf10fe68645e475963b35a0d647cc7"}