{"credit":"Pologony Creation Co.,Ltd.","texture_size":[36,36],"textures":{"3":"darkwitherset:animations/animation_2","4":"darkwitherset:staff","5":"darkwitherset:animations/staff_animation","6":"darkwitherset:animations/soul_animation_sword_2","particle":"darkwitherset:animations/soul_animation_sword_2"},"elements":[{"from":[6.875,20.25,5],"to":[7.125,20.75,6.25],"rotation":{"angle":-22.5,"axis":"x","origin":[7.5,21.1875,5.625]},"faces":{"north":{"uv":[8.8,14.8,8.9,15],"texture":"#4"},"east":{"uv":[14.4,1.6,14.9,1.8],"texture":"#4"},"south":{"uv":[8,14.8,8.1,15],"texture":"#4"},"west":{"uv":[2.4,14.4,2.9,14.6],"texture":"#4"},"down":{"uv":[14.9,13.2,14.4,13.3],"rotation":270,"texture":"#4"}}},{"from":[6.875,20.75,4.5],"to":[9.125,23,6.75],"rotation":{"angle":-22.5,"axis":"x","origin":[7.5,21.1875,5.625]},"faces":{"north":{"uv":[1.2,6.4,2.1,7.3],"texture":"#4"},"east":{"uv":[2.8,5.6,3.7,6.5],"texture":"#4"},"south":{"uv":[5.6,3.2,6.5,4.1],"texture":"#4"},"west":{"uv":[6,4.8,6.9,5.7],"texture":"#4"},"up":{"uv":[5.3,7.3,4.4,6.4],"rotation":90,"texture":"#4"},"down":{"uv":[6.9,6.4,6,7.3],"rotation":270,"texture":"#4"}}},{"from":[6.875,20.75,9.25],"to":[9.125,23,11.5],"rotation":{"angle":22.5,"axis":"x","origin":[7.5,21.1875,10.375]},"faces":{"north":{"uv":[6.5,3.2,5.6,4.1],"texture":"#4"},"east":{"uv":[3.7,5.6,2.8,6.5],"texture":"#4"},"south":{"uv":[2.1,6.4,1.2,7.3],"texture":"#4"},"west":{"uv":[6.9,4.8,6,5.7],"texture":"#4"},"up":{"uv":[4.4,7.3,5.3,6.4],"rotation":90,"texture":"#4"},"down":{"uv":[6,6.4,6.9,7.3],"rotation":270,"texture":"#4"}}},{"from":[6.875,20.25,9.75],"to":[7.125,20.75,11],"rotation":{"angle":22.5,"axis":"x","origin":[7.5,21.1875,10.375]},"faces":{"north":{"uv":[8.1,14.8,8,15],"texture":"#4"},"east":{"uv":[14.9,1.6,14.4,1.8],"texture":"#4"},"south":{"uv":[8.9,14.8,8.8,15],"texture":"#4"},"west":{"uv":[2.9,14.4,2.4,14.6],"texture":"#4"},"down":{"uv":[14.4,13.2,14.9,13.3],"rotation":270,"texture":"#4"}}},{"from":[6.5,20.75,6.625],"to":[9.25,23.5,9.375],"rotation":{"angle":-22.5,"axis":"z","origin":[7.25,21.3125,8]},"faces":{"north":{"uv":[2.8,1.6,3.9,2.7],"texture":"#4"},"east":{"uv":[1.2,0,2.3,1.1],"texture":"#4"},"south":{"uv":[1.2,1.6,2.3,2.7],"texture":"#4"},"west":{"uv":[2.8,0,3.9,1.1],"texture":"#4"},"up":{"uv":[1.1,4.3,0,3.2],"rotation":90,"texture":"#4"},"down":{"uv":[2.7,3.2,1.6,4.3],"rotation":270,"texture":"#4"}}},{"from":[6.5,20.25,7.125],"to":[6.75,20.75,8.875],"rotation":{"angle":-22.5,"axis":"z","origin":[7.25,21.3125,8]},"faces":{"north":{"uv":[5.2,14.8,5.3,15],"texture":"#4"},"east":{"uv":[13.2,13.6,13.9,13.8],"texture":"#4"},"south":{"uv":[4.4,14.8,4.5,15],"texture":"#4"},"west":{"uv":[14,0,14.7,0.2],"texture":"#4"},"down":{"uv":[15.1,9.2,14.4,9.3],"rotation":270,"texture":"#4"}}},{"from":[7.25,-3.5,7.75],"to":[8.75,-2,9.25],"rotation":{"angle":-45,"axis":"x","origin":[7.5,-3.25,8]},"faces":{"north":{"uv":[10.4,1.6,11,2.2],"texture":"#4"},"east":{"uv":[10.4,2.8,11,3.4],"texture":"#4"},"south":{"uv":[6,10.4,6.6,11],"texture":"#4"},"west":{"uv":[8.4,10.4,9,11],"texture":"#4"},"up":{"uv":[1.4,11.4,0.8,10.8],"texture":"#4"},"down":{"uv":[2.6,10.8,2,11.4],"texture":"#4"}}},{"from":[7.475,-5.46287,7.825],"to":[8.525,-4.41287,8.875],"rotation":{"angle":-45,"axis":"x","origin":[7.65,-5.28787,8]},"faces":{"north":{"uv":[13.2,7.2,13.6,7.6],"texture":"#4"},"east":{"uv":[8,13.2,8.4,13.6],"texture":"#4"},"south":{"uv":[13.2,8,13.6,8.4],"texture":"#4"},"west":{"uv":[8.8,13.2,9.2,13.6],"texture":"#4"},"up":{"uv":[10,13.6,9.6,13.2],"texture":"#4"},"down":{"uv":[10.8,13.2,10.4,13.6],"texture":"#4"}}},{"from":[7.5,-2.23223,8],"to":[8.5,-1.23223,9],"rotation":{"angle":-45,"axis":"x","origin":[7.5,-2.23223,8]},"faces":{"north":{"uv":[11.2,13.2,11.6,13.6],"texture":"#4"},"east":{"uv":[13.2,11.2,13.6,11.6],"texture":"#4"},"south":{"uv":[13.2,12,13.6,12.4],"texture":"#4"},"west":{"uv":[13.2,12.8,13.6,13.2],"texture":"#4"},"up":{"uv":[1.2,14,0.8,13.6],"texture":"#4"},"down":{"uv":[14,1.2,13.6,1.6],"texture":"#4"}}},{"from":[7.25,5.75,7.25],"to":[8.75,6.25,8.75],"rotation":{"angle":0,"axis":"y","origin":[7.5,5.75,7.5]},"faces":{"north":{"uv":[4,14,4.6,14.2],"texture":"#4"},"east":{"uv":[14,4.4,14.6,4.6],"texture":"#4"},"south":{"uv":[5.2,14,5.8,14.2],"texture":"#4"},"west":{"uv":[14,5.2,14.6,5.4],"texture":"#4"},"up":{"uv":[3.8,11.4,3.2,10.8],"texture":"#4"},"down":{"uv":[11.4,4,10.8,4.6],"texture":"#4"}}},{"from":[7.5,5.25,7.5],"to":[8.5,5.75,8.5],"rotation":{"angle":0,"axis":"y","origin":[7.5,5.25,7.5]},"faces":{"north":{"uv":[14.4,6,14.8,6.2],"texture":"#4"},"east":{"uv":[6.4,14.4,6.8,14.6],"texture":"#4"},"south":{"uv":[7.2,14.4,7.6,14.6],"texture":"#4"},"west":{"uv":[14.4,8.4,14.8,8.6],"texture":"#4"}}},{"from":[7.25,11.75,7.25],"to":[8.75,12.25,8.75],"rotation":{"angle":0,"axis":"y","origin":[7.5,6.75,7.5]},"faces":{"north":{"uv":[14,6.8,14.6,7],"texture":"#4"},"east":{"uv":[14,7.6,14.6,7.8],"texture":"#4"},"south":{"uv":[8,14,8.6,14.2],"texture":"#4"},"west":{"uv":[9.2,14,9.8,14.2],"texture":"#4"},"up":{"uv":[5,11.4,4.4,10.8],"texture":"#4"},"down":{"uv":[11.4,5.2,10.8,5.8],"texture":"#4"}}},{"from":[7.5,6.25,7.5],"to":[8.5,7.75,8.5],"rotation":{"angle":0,"axis":"y","origin":[7.5,6.25,7.5]},"faces":{"north":{"uv":[4.8,12,5.2,12.6],"texture":"#4"},"east":{"uv":[9.2,12,9.6,12.6],"texture":"#4"},"south":{"uv":[12,9.2,12.4,9.8],"texture":"#4"},"west":{"uv":[10,12,10.4,12.6],"texture":"#4"},"up":{"uv":[2,14,1.6,13.6],"texture":"#4"}}},{"from":[7.5,10.25,7.5],"to":[8.5,11.75,8.5],"rotation":{"angle":0,"axis":"y","origin":[7.5,10.25,7.5]},"faces":{"north":{"uv":[12,10.4,12.4,11],"texture":"#4"},"east":{"uv":[12.4,0,12.8,0.6],"texture":"#4"},"south":{"uv":[12.4,7.6,12.8,8.2],"texture":"#4"},"west":{"uv":[12.4,11.6,12.8,12.2],"texture":"#4"},"down":{"uv":[14,2,13.6,2.4],"texture":"#4"}}},{"from":[7.625,7.75,7.625],"to":[8.375,10.25,8.375],"rotation":{"angle":0,"axis":"y","origin":[7.625,8.75,7.375]},"faces":{"north":{"uv":[0,11.6,0.3,12.6],"texture":"#4"},"east":{"uv":[8.4,11.6,8.7,12.6],"texture":"#4"},"south":{"uv":[10.8,11.6,11.1,12.6],"texture":"#4"},"west":{"uv":[11.6,11.6,11.9,12.6],"texture":"#4"}}},{"from":[7.25,-1.25,7.25],"to":[8.75,-0.75,8.75],"rotation":{"angle":0,"axis":"y","origin":[7.5,-1.25,7.5]},"faces":{"north":{"uv":[14,12.4,14.6,12.6],"texture":"#4"},"east":{"uv":[0,14.4,0.6,14.6],"texture":"#4"},"south":{"uv":[14.4,0.8,15,1],"texture":"#4"},"west":{"uv":[1.2,14.4,1.8,14.6],"texture":"#4"},"up":{"uv":[11.8,0.6,11.2,0],"texture":"#4"},"down":{"uv":[11.8,8,11.2,8.6],"texture":"#4"}}},{"from":[7.25,4.75,7.25],"to":[8.75,5.25,8.75],"rotation":{"angle":0,"axis":"y","origin":[7.5,-0.25,7.5]},"faces":{"north":{"uv":[10.4,14,11,14.2],"texture":"#4"},"east":{"uv":[14,10.8,14.6,11],"texture":"#4"},"south":{"uv":[11.6,14,12.2,14.2],"texture":"#4"},"west":{"uv":[14,11.6,14.6,11.8],"texture":"#4"},"up":{"uv":[10.2,11.4,9.6,10.8],"texture":"#4"},"down":{"uv":[11.4,10.4,10.8,11],"texture":"#4"}}},{"from":[7.5,-0.75,7.5],"to":[8.5,0.75,8.5],"rotation":{"angle":0,"axis":"y","origin":[7.5,-0.75,7.5]},"faces":{"north":{"uv":[12.8,6,13.2,6.6],"texture":"#4"},"east":{"uv":[12.8,8.8,13.2,9.4],"texture":"#4"},"south":{"uv":[12.8,10,13.2,10.6],"texture":"#4"},"west":{"uv":[12.4,12.8,12.8,13.4],"texture":"#4"},"up":{"uv":[14,3.2,13.6,2.8],"texture":"#4"}}},{"from":[7.5,3.25,7.5],"to":[8.5,4.75,8.5],"rotation":{"angle":0,"axis":"y","origin":[7.5,3.25,7.5]},"faces":{"north":{"uv":[12.8,1.2,13.2,1.8],"texture":"#4"},"east":{"uv":[12.8,2.4,13.2,3],"texture":"#4"},"south":{"uv":[12.8,3.6,13.2,4.2],"texture":"#4"},"west":{"uv":[5.6,12.8,6,13.4],"texture":"#4"},"down":{"uv":[2.8,13.6,2.4,14],"texture":"#4"}}},{"from":[7.625,0.75,7.625],"to":[8.375,3.25,8.375],"rotation":{"angle":0,"axis":"y","origin":[7.625,1.75,7.375]},"faces":{"north":{"uv":[0.8,12,1.1,13],"texture":"#4"},"east":{"uv":[1.6,12,1.9,13],"texture":"#4"},"south":{"uv":[2.4,12,2.7,13],"texture":"#4"},"west":{"uv":[3.2,12,3.5,13],"texture":"#4"}}},{"from":[7,17.23198,7],"to":[9,19.23198,9],"rotation":{"angle":0,"axis":"y","origin":[7,17.23198,7]},"faces":{"east":{"uv":[6,8,6.8,8.8],"texture":"#4"},"west":{"uv":[2.8,8.4,3.6,9.2],"texture":"#4"},"down":{"uv":[8,8.4,7.2,9.2],"texture":"#4"}}},{"from":[6.875,14.55,6.85],"to":[9.125,17.55,8.35],"rotation":{"angle":-22.5,"axis":"x","origin":[-0.125,14.55,0.6]},"faces":{"north":{"uv":[1.2,4.8,2.1,6],"texture":"#4"},"east":{"uv":[0,7.2,0.6,8.4],"texture":"#4"},"south":{"uv":[4.4,4.8,5.3,6],"texture":"#4"},"west":{"uv":[7.6,3.6,8.2,4.8],"texture":"#4"},"up":{"uv":[9.7,0.6,8.8,0],"texture":"#4"},"down":{"uv":[9.7,1.2,8.8,1.8],"texture":"#4"}}},{"from":[6.75,17.55,8.5],"to":[9.25,19.55,10.5],"rotation":{"angle":-45,"axis":"x","origin":[7,17.05,8]},"faces":{"north":{"uv":[7.2,0,8.2,0.8],"texture":"#4"},"east":{"uv":[8.4,8.4,9.2,9.2],"texture":"#4"},"south":{"uv":[7.2,1.2,8.2,2],"texture":"#4"},"west":{"uv":[0,8.8,0.8,9.6],"texture":"#4"},"up":{"uv":[8.2,3.2,7.2,2.4],"texture":"#4"},"down":{"uv":[3.8,7.2,2.8,8],"texture":"#4"}}},{"from":[7.375,-6.25,7.85],"to":[8.625,-4.5,8.85],"rotation":{"angle":-22.5,"axis":"x","origin":[-0.625,-6.25,1.1]},"faces":{"north":{"uv":[11.6,1.2,12.1,1.9],"texture":"#4"},"east":{"uv":[12,3.6,12.4,4.3],"texture":"#4"},"south":{"uv":[11.6,2.4,12.1,3.1],"texture":"#4"},"west":{"uv":[4,12,4.4,12.7],"texture":"#4"},"up":{"uv":[0.5,2.8,0,2.4],"texture":"#4"},"down":{"uv":[4.5,13.2,4,13.6],"texture":"#4"}}},{"from":[7.5,-3.97164,5.97332],"to":[8.5,-2.72164,7.22332],"rotation":{"angle":-45,"axis":"x","origin":[8,-2.82273,6.34526]},"faces":{"north":{"uv":[13.2,4.8,13.6,5.3],"texture":"#4"},"east":{"uv":[12,4.8,12.5,5.3],"texture":"#4"},"west":{"uv":[6.8,12,7.3,12.5],"texture":"#4"},"up":{"uv":[6.8,13.7,6.4,13.2],"texture":"#4"},"down":{"uv":[7.6,13.2,7.2,13.7],"texture":"#4"}}},{"from":[7.625,-3.49603,5.49816],"to":[8.375,-2.24603,7.24816],"rotation":{"angle":22.5,"axis":"x","origin":[8,-2.80853,6.06066]},"faces":{"north":{"uv":[13.6,9.6,13.9,10.1],"texture":"#4"},"east":{"uv":[5.6,11.6,6.3,12.1],"texture":"#4"},"west":{"uv":[11.6,6.4,12.3,6.9],"texture":"#4"},"up":{"uv":[0.3,13.9,0,13.2],"texture":"#4"},"down":{"uv":[13.5,0,13.2,0.7],"texture":"#4"}}},{"from":[7.995,-5.74603,4.99816],"to":[8.005,-1.24603,6.99816],"rotation":{"angle":0,"axis":"y","origin":[8,-3.05853,6.06066]},"faces":{"east":{"uv":[0.8,0,0,1.8],"texture":"#4"},"west":{"uv":[0,0,0.8,1.8],"texture":"#4"}}},{"from":[7.375,-6.25,7.15],"to":[8.625,-4.5,8.15],"rotation":{"angle":22.5,"axis":"x","origin":[-0.625,-6.25,14.9]},"faces":{"north":{"uv":[12.1,2.4,11.6,3.1],"texture":"#4"},"east":{"uv":[12.4,3.6,12,4.3],"texture":"#4"},"south":{"uv":[12.1,1.2,11.6,1.9],"texture":"#4"},"west":{"uv":[4.4,12,4,12.7],"texture":"#4"},"up":{"uv":[0.5,2.4,0,2.8],"texture":"#4"},"down":{"uv":[4.5,13.6,4,13.2],"texture":"#4"}}},{"from":[7.5,-3.97164,8.77668],"to":[8.5,-2.72164,10.02668],"rotation":{"angle":45,"axis":"x","origin":[8,-2.82273,9.65474]},"faces":{"east":{"uv":[12.5,4.8,12,5.3],"texture":"#4"},"south":{"uv":[13.6,4.8,13.2,5.3],"texture":"#4"},"west":{"uv":[7.3,12,6.8,12.5],"texture":"#4"},"up":{"uv":[6.8,13.2,6.4,13.7],"texture":"#4"},"down":{"uv":[7.6,13.7,7.2,13.2],"texture":"#4"}}},{"from":[7.625,-3.49603,8.75184],"to":[8.375,-2.24603,10.50184],"rotation":{"angle":-22.5,"axis":"x","origin":[8,-2.80853,9.93934]},"faces":{"east":{"uv":[6.3,11.6,5.6,12.1],"texture":"#4"},"south":{"uv":[13.9,9.6,13.6,10.1],"texture":"#4"},"west":{"uv":[12.3,6.4,11.6,6.9],"texture":"#4"},"up":{"uv":[0.3,13.2,0,13.9],"texture":"#4"},"down":{"uv":[13.5,0.7,13.2,0],"texture":"#4"}}},{"from":[7.995,-5.74603,9.00184],"to":[8.005,-1.24603,11.00184],"rotation":{"angle":0,"axis":"y","origin":[8,-3.05853,9.93934]},"faces":{"east":{"uv":[0,0,0.8,1.8],"texture":"#4"},"west":{"uv":[0.8,0,0,1.8],"texture":"#4"}}},{"from":[7.25,12.23198,7.25],"to":[8.75,17.23198,8.75],"rotation":{"angle":45,"axis":"y","origin":[8,12.98198,8]},"faces":{"north":{"uv":[3.2,3.2,3.8,5.2],"texture":"#4"},"east":{"uv":[4.4,0,5,2],"texture":"#4"},"south":{"uv":[4.4,2.4,5,4.4],"texture":"#4"},"west":{"uv":[0,4.8,0.6,6.8],"texture":"#4"},"up":{"uv":[7.8,11.4,7.2,10.8],"texture":"#4"},"down":{"uv":[11.4,9.2,10.8,9.8],"texture":"#4"}}},{"from":[7.225,12.23198,7.225],"to":[8.775,17.23198,8.775],"rotation":{"angle":45,"axis":"y","origin":[8,14.73198,8]},"faces":{"north":{"uv":[0,0,2,6.66667],"texture":"#3"},"east":{"uv":[2.66667,0,4.66667,6.66667],"texture":"#3"},"south":{"uv":[5.33333,0,7.33333,6.66667],"texture":"#3"},"west":{"uv":[8,0,10,6.66667],"texture":"#3"}}},{"from":[6.875,14.55,7.65],"to":[9.125,17.55,9.15],"rotation":{"angle":22.5,"axis":"x","origin":[-0.125,14.55,15.4]},"faces":{"north":{"uv":[5.6,0,6.5,1.2],"texture":"#4"},"east":{"uv":[7.6,5.2,8.2,6.4],"texture":"#4"},"south":{"uv":[5.6,1.6,6.5,2.8],"texture":"#4"},"west":{"uv":[7.6,6.8,8.2,8],"texture":"#4"},"up":{"uv":[9.7,3,8.8,2.4],"texture":"#4"},"down":{"uv":[9.7,3.6,8.8,4.2],"texture":"#4"}}},{"from":[7.5,19.1,1.25],"to":[8.5,20.1,3.75],"rotation":{"angle":-22.5,"axis":"x","origin":[8,26,3.125]},"faces":{"north":{"uv":[3.2,13.6,3.6,14],"texture":"#4"},"east":{"uv":[8.4,9.6,9.4,10],"texture":"#4"},"south":{"uv":[13.6,3.6,14,4],"texture":"#4"},"west":{"uv":[9.6,8.4,10.6,8.8],"texture":"#4"},"up":{"uv":[0.4,11,0,10],"texture":"#4"},"down":{"uv":[10.4,4.8,10,5.8],"texture":"#4"}}},{"from":[7.5,15.6,1.25],"to":[8.5,16.6,3.75],"rotation":{"angle":-22.5,"axis":"x","origin":[8,26,3.125]},"faces":{"north":{"uv":[13.6,6,14,6.4],"texture":"#4"},"east":{"uv":[10,6.4,11,6.8],"texture":"#4"},"south":{"uv":[13.6,8.8,14,9.2],"texture":"#4"},"west":{"uv":[10,7.2,11,7.6],"texture":"#4"},"up":{"uv":[10.4,10.2,10,9.2],"texture":"#4"},"down":{"uv":[10.8,0,10.4,1],"texture":"#4"}}},{"from":[7.625,15.1,1.375],"to":[8.375,20.6,2.125],"rotation":{"angle":-22.5,"axis":"x","origin":[8,26,3.125]},"faces":{"north":{"uv":[1.2,8,1.5,10.2],"texture":"#4"},"east":{"uv":[2,8,2.3,10.2],"texture":"#4"},"south":{"uv":[4.4,8,4.7,10.2],"texture":"#4"},"west":{"uv":[5.2,8,5.5,10.2],"texture":"#4"},"up":{"uv":[14.7,2.7,14.4,2.4],"texture":"#4"},"down":{"uv":[14.7,3.2,14.4,3.5],"texture":"#4"}}},{"from":[7.5,19.1,12.25],"to":[8.5,20.1,14.75],"rotation":{"angle":22.5,"axis":"x","origin":[8,26,12.875]},"faces":{"north":{"uv":[14,3.6,13.6,4],"texture":"#4"},"east":{"uv":[9.4,9.6,8.4,10],"texture":"#4"},"south":{"uv":[3.6,13.6,3.2,14],"texture":"#4"},"west":{"uv":[10.6,8.4,9.6,8.8],"texture":"#4"},"up":{"uv":[0.4,10,0,11],"texture":"#4"},"down":{"uv":[10.4,5.8,10,4.8],"texture":"#4"}}},{"from":[7.625,15.1,13.875],"to":[8.375,20.6,14.625],"rotation":{"angle":22.5,"axis":"x","origin":[8,26,12.875]},"faces":{"north":{"uv":[4.7,8,4.4,10.2],"texture":"#4"},"east":{"uv":[2.3,8,2,10.2],"texture":"#4"},"south":{"uv":[1.5,8,1.2,10.2],"texture":"#4"},"west":{"uv":[5.5,8,5.2,10.2],"texture":"#4"},"up":{"uv":[14.7,2.4,14.4,2.7],"texture":"#4"},"down":{"uv":[14.7,3.5,14.4,3.2],"texture":"#4"}}},{"from":[7.5,15.6,12.25],"to":[8.5,16.6,14.75],"rotation":{"angle":22.5,"axis":"x","origin":[8,26,12.875]},"faces":{"north":{"uv":[14,8.8,13.6,9.2],"texture":"#4"},"east":{"uv":[11,6.4,10,6.8],"texture":"#4"},"south":{"uv":[14,6,13.6,6.4],"texture":"#4"},"west":{"uv":[11,7.2,10,7.6],"texture":"#4"},"up":{"uv":[10.4,9.2,10,10.2],"texture":"#4"},"down":{"uv":[10.8,1,10.4,0],"texture":"#4"}}},{"from":[4.875,15.6,1.625],"to":[7.625,21.1,1.655],"rotation":{"angle":-22.5,"axis":"x","origin":[8,26,3.125]},"faces":{"north":{"uv":[0,0.5,2.75,6],"texture":"#5"},"south":{"uv":[2.75,0.5,0,6],"texture":"#5"}}},{"from":[4.875,15.58852,10.59728],"to":[7.625,21.08852,10.62728],"rotation":{"angle":-22.5,"axis":"x","origin":[8,25.98852,3.09728]},"faces":{"north":{"uv":[14.475,0.5,11.725,6],"texture":"#5"},"south":{"uv":[11.725,0.5,14.475,6],"texture":"#5"}}},{"from":[4.875,15.6,1.625],"to":[4.905,21.1,10.625],"rotation":{"angle":-22.5,"axis":"x","origin":[8,26,3.125]},"faces":{"east":{"uv":[11.725,0.5,2.725,6],"texture":"#5"},"west":{"uv":[2.725,0.5,11.725,6],"texture":"#5"}}},{"from":[11.095,15.6,5.375],"to":[11.125,21.1,14.375],"rotation":{"angle":22.5,"axis":"x","origin":[8,26,12.875]},"faces":{"east":{"uv":[2.725,0.5,11.725,6],"texture":"#5"},"west":{"uv":[11.725,0.5,2.725,6],"texture":"#5"}}},{"from":[8.375,15.6,14.345],"to":[11.125,21.1,14.375],"rotation":{"angle":22.5,"axis":"x","origin":[8,26,12.875]},"faces":{"north":{"uv":[2.75,0.5,0,6],"texture":"#5"},"south":{"uv":[0,0.5,2.75,6],"texture":"#5"}}},{"from":[8.375,15.58852,5.37272],"to":[11.125,21.08852,5.40272],"rotation":{"angle":22.5,"axis":"x","origin":[8,25.98852,12.90272]},"faces":{"north":{"uv":[11.725,0.5,14.475,6],"texture":"#5"},"south":{"uv":[14.475,0.5,11.725,6],"texture":"#5"}}},{"from":[5.79101,11,9.48852],"to":[5.82101,29,11.98852],"rotation":{"angle":22.5,"axis":"y","origin":[5.82101,11,9.48852]},"faces":{"east":{"uv":[0,0,2,14.4],"texture":"#6"},"west":{"uv":[2,0,0,14.4],"texture":"#6"}}},{"from":[5.79329,11,6.5],"to":[5.82329,29,9.5],"rotation":{"angle":0,"axis":"y","origin":[5.82329,11,7.5]},"faces":{"east":{"uv":[2,0,4.4,14.4],"texture":"#6"},"west":{"uv":[4.4,0,2,14.4],"texture":"#6"}}},{"from":[6.2943,11,4.25798],"to":[6.3243,29,6.75798],"rotation":{"angle":-22.5,"axis":"y","origin":[6.69227,17,5.36962]},"faces":{"east":{"uv":[4.4,0,6.4,14.4],"texture":"#6"},"west":{"uv":[6.4,0,4.4,14.4],"texture":"#6"}}},{"from":[9.67342,11,4.2465],"to":[9.70342,29,6.7465],"rotation":{"angle":22.5,"axis":"y","origin":[9.33544,17,5.35814]},"faces":{"east":{"uv":[8.4,0,6.4,14.4],"texture":"#6"},"west":{"uv":[6.4,0,8.4,14.4],"texture":"#6"}}},{"from":[10.17671,11,6.5],"to":[10.20671,29,9.5],"rotation":{"angle":0,"axis":"y","origin":[10.20671,11,7.5]},"faces":{"east":{"uv":[10.8,0,8.4,14.4],"texture":"#6"},"west":{"uv":[8.4,0,10.8,14.4],"texture":"#6"}}},{"from":[10.17671,11,9.5],"to":[10.20671,29,12],"rotation":{"angle":-22.5,"axis":"y","origin":[10.20671,11,9.5]},"faces":{"east":{"uv":[12.8,0,10.8,14.4],"texture":"#6"},"west":{"uv":[10.8,0,12.8,14.4],"texture":"#6"}}}],"gui_light":"front","display":{"thirdperson_righthand":{"translation":[0,0.5,1]},"thirdperson_lefthand":{"rotation":[0,180,0],"translation":[0,0.5,1]},"firstperson_righthand":{"rotation":[6.75,0,0],"translation":[2,0,0],"scale":[0.7,0.7,0.7]},"firstperson_lefthand":{"rotation":[6.75,180,0],"translation":[2,0,0],"scale":[0.7,0.7,0.7]},"ground":{"rotation":[-45,0,0],"translation":[0,3,0],"scale":[0.7,0.7,0.7]},"gui":{"rotation":[-90,45,90],"translation":[0.75,-0.75,0],"scale":[0.6,0.6,0.6]},"head":{"rotation":[0,-90,0]},"fixed":{"rotation":[0,-90,0],"translation":[0,0,-1.75],"scale":[2,2,2]}},"mcmodels":"4ebf10fe68645e475963b35a0d647cc7"}