{"credit":"MadebyPolygonMC","texture_size":[20,20],"textures":{"0":"deceaseset:animation_1","2":"deceaseset:pickaxe","particle":"deceaseset:animation_1"},"elements":[{"from":[7.44,-0.06,7.44],"to":[8.56,1.06,8.56],"rotation":{"angle":-45,"axis":"x","origin":[8,0.5,8]},"faces":{"north":{"uv":[7.2,10.4,8,11.2],"texture":"#2"},"east":{"uv":[10.4,7.2,11.2,8],"texture":"#2"},"south":{"uv":[10.4,8,11.2,8.8],"texture":"#2"},"west":{"uv":[10.4,8.8,11.2,9.6],"texture":"#2"},"up":{"uv":[12,0.8,11.2,0],"texture":"#2"},"down":{"uv":[12,0.8,11.2,1.6],"texture":"#2"}}},{"from":[7.5,0.7,7.5],"to":[8.5,1.7,8.5],"rotation":{"angle":0,"axis":"x","origin":[8,1.2,8]},"faces":{"north":{"uv":[11.2,1.6,12,2.4],"texture":"#2"},"east":{"uv":[11.2,2.4,12,3.2],"texture":"#2"},"south":{"uv":[11.2,3.2,12,4],"texture":"#2"},"west":{"uv":[11.2,4,12,4.8],"texture":"#2"},"up":{"uv":[5.6,12,4.8,11.2],"texture":"#2"},"down":{"uv":[6.4,11.2,5.6,12],"texture":"#2"}}},{"from":[7.5,4.7,7.5],"to":[8.5,5.7,8.5],"rotation":{"angle":0,"axis":"x","origin":[8,1.2,8]},"faces":{"north":{"uv":[11.2,10.4,12,11.2],"texture":"#2"},"east":{"uv":[11.2,11.2,12,12],"texture":"#2"},"south":{"uv":[0,12,0.8,12.8],"texture":"#2"},"west":{"uv":[12,0,12.8,0.8],"texture":"#2"},"up":{"uv":[1.6,12.8,0.8,12],"texture":"#2"},"down":{"uv":[12.8,0.8,12,1.6],"texture":"#2"}}},{"from":[7.5,10.7,7.5],"to":[8.5,11.7,8.5],"rotation":{"angle":0,"axis":"x","origin":[8,1.2,8]},"faces":{"north":{"uv":[4.8,12,5.6,12.8],"texture":"#2"},"east":{"uv":[12,4.8,12.8,5.6],"texture":"#2"},"south":{"uv":[5.6,12,6.4,12.8],"texture":"#2"},"west":{"uv":[12,5.6,12.8,6.4],"texture":"#2"},"up":{"uv":[7.2,12.8,6.4,12],"texture":"#2"},"down":{"uv":[12.8,6.4,12,7.2],"texture":"#2"}}},{"from":[7.5,2.7,7.5],"to":[8.5,3.7,8.5],"rotation":{"angle":0,"axis":"x","origin":[8,3.2,8]},"faces":{"north":{"uv":[11.2,5.6,12,6.4],"texture":"#2"},"east":{"uv":[11.2,6.4,12,7.2],"texture":"#2"},"south":{"uv":[7.2,11.2,8,12],"texture":"#2"},"west":{"uv":[11.2,7.2,12,8],"texture":"#2"},"up":{"uv":[8.8,12,8,11.2],"texture":"#2"},"down":{"uv":[12,8,11.2,8.8],"texture":"#2"}}},{"from":[7.4,11.58341,10.34531],"to":[8.6,13.58341,12.34531],"rotation":{"angle":-45,"axis":"x","origin":[8,9.23809,8]},"faces":{"north":{"uv":[6.4,6.4,7.4,8],"texture":"#2"},"east":{"uv":[6.4,0,8,1.6],"texture":"#2"},"south":{"uv":[8,0,9,1.6],"texture":"#2"},"west":{"uv":[6.4,1.6,8,3.2],"texture":"#2"},"up":{"uv":[9,3.2,8,1.6],"texture":"#2"},"down":{"uv":[9,3.2,8,4.8],"texture":"#2"}}},{"from":[7.2,13.21908,7.24999],"to":[8.8,14.71908,8.74999],"rotation":{"angle":45,"axis":"x","origin":[8,13.96908,7.99999]},"faces":{"north":{"uv":[10,6.4,8.8,7.6],"rotation":180,"texture":"#2"},"east":{"uv":[1.6,8.8,2.8,10],"rotation":270,"texture":"#2"},"south":{"uv":[10,6,8.8,4.8],"texture":"#2"},"west":{"uv":[4.8,8.8,6,10],"rotation":90,"texture":"#2"},"up":{"uv":[0,8.8,1.2,10],"rotation":180,"texture":"#2"},"down":{"uv":[3.2,8.8,4.4,10],"texture":"#2"}}},{"from":[7.6,1.7,7.6],"to":[8.4,4.7,8.4],"rotation":{"angle":0,"axis":"x","origin":[8,2.2,8]},"faces":{"north":{"uv":[8,4.8,8.6,7.2],"texture":"#2"},"east":{"uv":[6.4,8,7,10.4],"texture":"#2"},"south":{"uv":[7.2,8,7.8,10.4],"texture":"#2"},"west":{"uv":[8,7.2,8.6,9.6],"texture":"#2"},"up":{"uv":[12.6,9.4,12,8.8],"texture":"#2"},"down":{"uv":[12.6,9.6,12,10.2],"texture":"#2"}}},{"from":[8,-1.1,6],"to":[8,0.9,10],"rotation":{"angle":0,"axis":"y","origin":[8,-0.5,6]},"faces":{"north":{"uv":[0,0,0,1.6],"texture":"#2"},"east":{"uv":[0,3.2,3.2,4.8],"texture":"#2"},"south":{"uv":[0,0,0,1.6],"texture":"#2"},"west":{"uv":[3.2,3.2,6.4,4.8],"texture":"#2"},"up":{"uv":[0,3.2,0,0],"texture":"#2"},"down":{"uv":[0,0,0,3.2],"texture":"#2"}}},{"from":[7.41,12.11534,4.32327],"to":[8.59,13.29534,6.09327],"rotation":{"angle":22.5,"axis":"x","origin":[8,9.23809,8]},"faces":{"north":{"uv":[9.6,9.6,10.6,10.6],"texture":"#2"},"east":{"uv":[8.8,8,10.2,9],"texture":"#2"},"south":{"uv":[0,10.4,1,11.4],"texture":"#2"},"west":{"uv":[9.6,0,11,1],"texture":"#2"},"up":{"uv":[10.6,3,9.6,1.6],"texture":"#2"},"down":{"uv":[10.6,3.2,9.6,4.6],"texture":"#2"}}},{"from":[7.4985,13.35081,4.7552],"to":[8.5015,14.35381,6.1712],"rotation":{"angle":0,"axis":"x","origin":[8,9.23809,8]},"faces":{"north":{"uv":[1.6,12,2.4,12.8],"texture":"#2"},"east":{"uv":[4.8,10.4,6,11.2],"texture":"#2"},"west":{"uv":[10.4,4.8,11.6,5.6],"texture":"#2"},"up":{"uv":[11.2,6.8,10.4,5.6],"texture":"#2"},"down":{"uv":[7.2,10.4,6.4,11.6],"texture":"#2"}}},{"from":[7.587,14.34227,5.88417],"to":[8.413,15.16827,6.94617],"rotation":{"angle":-22.5,"axis":"x","origin":[8,9.23809,8]},"faces":{"north":{"uv":[12.8,0,13.4,0.6],"texture":"#2"},"east":{"uv":[7.2,12,8,12.6],"texture":"#2"},"west":{"uv":[12,7.2,12.8,7.8],"texture":"#2"},"up":{"uv":[8.6,12.8,8,12],"texture":"#2"},"down":{"uv":[12.6,8,12,8.8],"texture":"#2"}}},{"from":[7.646,13.16617,3.27979],"to":[8.354,13.87417,4.10579],"rotation":{"angle":0,"axis":"x","origin":[8,9.23809,8]},"faces":{"north":{"uv":[12,10.4,12.6,11],"texture":"#2"},"east":{"uv":[11.2,12,11.8,12.6],"texture":"#2"},"west":{"uv":[12,11.2,12.6,11.8],"texture":"#2"},"up":{"uv":[12.6,12.6,12,12],"texture":"#2"},"down":{"uv":[0.6,12.8,0,13.4],"texture":"#2"}}},{"from":[7.705,11.09032,1.30989],"to":[8.295,11.68032,2.13589],"rotation":{"angle":22.5,"axis":"x","origin":[8,9.23809,8]},"faces":{"north":{"uv":[12.8,6.4,13.2,6.8],"texture":"#2"},"east":{"uv":[12.8,4.8,13.4,5.2],"texture":"#2"},"west":{"uv":[5.6,12.8,6.2,13.2],"texture":"#2"},"up":{"uv":[13.2,6.2,12.8,5.6],"texture":"#2"},"down":{"uv":[6.8,12.8,6.4,13.4],"texture":"#2"}}},{"from":[7.75,10.52777,9.28968],"to":[8.25,12.52777,11.28968],"rotation":{"angle":-45,"axis":"x","origin":[8,9.23809,8]},"faces":{"north":{"uv":[8.8,11.2,9.2,12.8],"texture":"#2"},"east":{"uv":[6.4,3.2,8,4.8],"texture":"#2"},"south":{"uv":[11.2,8.8,11.6,10.4],"texture":"#2"},"west":{"uv":[6.4,4.8,8,6.4],"texture":"#2"},"up":{"uv":[10,12.8,9.6,11.2],"texture":"#2"},"down":{"uv":[10.8,11.2,10.4,12.8],"texture":"#2"}}},{"from":[7.75,11.52777,8.28968],"to":[8.25,12.52777,9.28968],"rotation":{"angle":-45,"axis":"x","origin":[8,9.23809,8]},"faces":{"north":{"uv":[12.8,3.2,13.2,4],"texture":"#2"},"east":{"uv":[4,12,4.8,12.8],"texture":"#2"},"south":{"uv":[4,12.8,4.4,13.6],"texture":"#2"},"west":{"uv":[12,4,12.8,4.8],"texture":"#2"},"up":{"uv":[13.2,4.8,12.8,4],"texture":"#2"},"down":{"uv":[5.2,12.8,4.8,13.6],"texture":"#2"}}},{"from":[7.75,10.52777,7.28968],"to":[8.25,12.52777,8.28968],"rotation":{"angle":-45,"axis":"x","origin":[8,9.23809,8]},"faces":{"north":{"uv":[12,2.4,12.4,4],"texture":"#2"},"east":{"uv":[8,9.6,8.8,11.2],"texture":"#2"},"south":{"uv":[3.2,12,3.6,13.6],"texture":"#2"},"west":{"uv":[8.8,9.6,9.6,11.2],"texture":"#2"},"up":{"uv":[2.8,13.6,2.4,12.8],"texture":"#2"},"down":{"uv":[13.2,2.4,12.8,3.2],"texture":"#2"}}},{"from":[7.755,9.54045,6.77409],"to":[8.245,10.54045,7.77409],"rotation":{"angle":-22.5,"axis":"x","origin":[8,9.23809,8]},"faces":{"north":{"uv":[0.8,12.8,1.2,13.6],"texture":"#2"},"east":{"uv":[12,1.6,12.8,2.4],"texture":"#2"},"south":{"uv":[12.8,0.8,13.2,1.6],"texture":"#2"},"west":{"uv":[2.4,12,3.2,12.8],"texture":"#2"},"up":{"uv":[2,13.6,1.6,12.8],"texture":"#2"},"down":{"uv":[13.2,1.6,12.8,2.4],"texture":"#2"}}},{"from":[7.4,5.7,7.4],"to":[8.6,10.7,8.6],"rotation":{"angle":0,"axis":"y","origin":[7,3.4,7]},"faces":{"north":{"uv":[0,4.8,1,8.8],"texture":"#2"},"east":{"uv":[1.6,4.8,2.6,8.8],"texture":"#2"},"south":{"uv":[3.2,4.8,4.2,8.8],"texture":"#2"},"west":{"uv":[4.8,4.8,5.8,8.8],"texture":"#2"},"up":{"uv":[2.6,11.4,1.6,10.4],"texture":"#2"},"down":{"uv":[4.2,10.4,3.2,11.4],"texture":"#2"}}},{"from":[8,10,-1],"to":[8,14,7],"faces":{"north":{"uv":[0,0,0,3.2],"texture":"#2"},"east":{"uv":[6.4,0,0,3.2],"texture":"#2"},"south":{"uv":[0,0,0,3.2],"texture":"#2"},"west":{"uv":[0,0,6.4,3.2],"texture":"#2"},"up":{"uv":[0,6.4,0,0],"texture":"#2"},"down":{"uv":[0,0,0,6.4],"texture":"#2"}}},{"from":[8,10,9],"to":[8,14,17],"rotation":{"angle":0,"axis":"y","origin":[0,0,16]},"faces":{"north":{"uv":[0,0,0,3.2],"texture":"#2"},"east":{"uv":[0,0,6.4,3.2],"texture":"#2"},"south":{"uv":[0,0,0,3.2],"texture":"#2"},"west":{"uv":[6.4,0,0,3.2],"texture":"#2"},"up":{"uv":[0,0,0,6.4],"texture":"#2"},"down":{"uv":[0,6.4,0,0],"texture":"#2"}}},{"from":[7.755,9.54045,8.22591],"to":[8.245,10.54045,9.22591],"rotation":{"angle":22.5,"axis":"x","origin":[8,9.23809,8]},"faces":{"north":{"uv":[13.2,0.8,12.8,1.6],"texture":"#2"},"east":{"uv":[12.8,1.6,12,2.4],"texture":"#2"},"south":{"uv":[1.2,12.8,0.8,13.6],"texture":"#2"},"west":{"uv":[3.2,12,2.4,12.8],"texture":"#2"},"up":{"uv":[2,12.8,1.6,13.6],"texture":"#2"},"down":{"uv":[13.2,2.4,12.8,1.6],"texture":"#2"}}},{"from":[7.75,10.52777,7.71032],"to":[8.25,12.52777,8.71032],"rotation":{"angle":45,"axis":"x","origin":[8,9.23809,8]},"faces":{"north":{"uv":[3.6,12,3.2,13.6],"texture":"#2"},"east":{"uv":[8.8,9.6,8,11.2],"texture":"#2"},"south":{"uv":[12.4,2.4,12,4],"texture":"#2"},"west":{"uv":[9.6,9.6,8.8,11.2],"texture":"#2"},"up":{"uv":[2.8,12.8,2.4,13.6],"texture":"#2"},"down":{"uv":[13.2,3.2,12.8,2.4],"texture":"#2"}}},{"from":[7.75,11.52777,6.71032],"to":[8.25,12.52777,7.71032],"rotation":{"angle":45,"axis":"x","origin":[8,9.23809,8]},"faces":{"north":{"uv":[4.4,12.8,4,13.6],"texture":"#2"},"east":{"uv":[4.8,12,4,12.8],"texture":"#2"},"south":{"uv":[13.2,3.2,12.8,4],"texture":"#2"},"west":{"uv":[12.8,4,12,4.8],"texture":"#2"},"up":{"uv":[13.2,4,12.8,4.8],"texture":"#2"},"down":{"uv":[5.2,13.6,4.8,12.8],"texture":"#2"}}},{"from":[7.41,12.11534,9.90673],"to":[8.59,13.29534,11.67673],"rotation":{"angle":-22.5,"axis":"x","origin":[8,9.23809,8]},"faces":{"north":{"uv":[1,10.4,0,11.4],"texture":"#2"},"east":{"uv":[10.2,8,8.8,9],"texture":"#2"},"south":{"uv":[10.6,9.6,9.6,10.6],"texture":"#2"},"west":{"uv":[11,0,9.6,1],"texture":"#2"},"up":{"uv":[10.6,1.6,9.6,3],"texture":"#2"},"down":{"uv":[10.6,4.6,9.6,3.2],"texture":"#2"}}},{"from":[7.4985,13.35081,9.8288],"to":[8.5015,14.35381,11.2448],"rotation":{"angle":0,"axis":"x","origin":[8,9.23809,8]},"faces":{"east":{"uv":[6,10.4,4.8,11.2],"texture":"#2"},"south":{"uv":[2.4,12,1.6,12.8],"texture":"#2"},"west":{"uv":[11.6,4.8,10.4,5.6],"texture":"#2"},"up":{"uv":[11.2,5.6,10.4,6.8],"texture":"#2"},"down":{"uv":[7.2,11.6,6.4,10.4],"texture":"#2"}}},{"from":[7.587,14.34227,9.05383],"to":[8.413,15.16827,10.11583],"rotation":{"angle":22.5,"axis":"x","origin":[8,9.23809,8]},"faces":{"east":{"uv":[8,12,7.2,12.6],"texture":"#2"},"south":{"uv":[13.4,0,12.8,0.6],"texture":"#2"},"west":{"uv":[12.8,7.2,12,7.8],"texture":"#2"},"up":{"uv":[8.6,12,8,12.8],"texture":"#2"},"down":{"uv":[12.6,8.8,12,8],"texture":"#2"}}},{"from":[7.646,13.16617,11.89421],"to":[8.354,13.87417,12.72021],"rotation":{"angle":0,"axis":"x","origin":[8,9.23809,8]},"faces":{"east":{"uv":[11.8,12,11.2,12.6],"texture":"#2"},"south":{"uv":[12.6,10.4,12,11],"texture":"#2"},"west":{"uv":[12.6,11.2,12,11.8],"texture":"#2"},"up":{"uv":[12.6,12,12,12.6],"texture":"#2"},"down":{"uv":[0.6,13.4,0,12.8],"texture":"#2"}}},{"from":[7.705,11.09032,13.86411],"to":[8.295,11.68032,14.69011],"rotation":{"angle":-22.5,"axis":"x","origin":[8,9.23809,8]},"faces":{"east":{"uv":[13.4,4.8,12.8,5.2],"texture":"#2"},"south":{"uv":[13.2,6.4,12.8,6.8],"texture":"#2"},"west":{"uv":[6.2,12.8,5.6,13.2],"texture":"#2"},"up":{"uv":[13.2,5.6,12.8,6.2],"texture":"#2"},"down":{"uv":[6.8,13.4,6.4,12.8],"texture":"#2"}}},{"from":[7.1,10.4,4.5],"to":[7.1,17.4,11.5],"rotation":{"angle":0,"axis":"y","origin":[8,0,4.5]},"faces":{"north":{"uv":[0,0,0,14],"texture":"#0"},"south":{"uv":[0,0,0,14],"texture":"#0"},"west":{"uv":[0,0,14,14],"texture":"#0"},"up":{"uv":[0,14,0,0],"texture":"#0"},"down":{"uv":[0,0,0,14],"texture":"#0"}}},{"from":[8.9,10.4,4.5],"to":[8.9,17.4,11.5],"rotation":{"angle":0,"axis":"y","origin":[8,0,4.5]},"faces":{"north":{"uv":[0,0,0,14],"texture":"#0"},"east":{"uv":[14,0,0,14],"texture":"#0"},"south":{"uv":[0,0,0,14],"texture":"#0"},"up":{"uv":[0,14,0,0],"texture":"#0"},"down":{"uv":[0,0,0,14],"texture":"#0"}}}],"gui_light":"front","display":{"thirdperson_righthand":{"translation":[0,2.75,1.5]},"thirdperson_lefthand":{"translation":[0,2.75,1.5]},"firstperson_righthand":{"rotation":[-10,0,0],"translation":[-1,5.25,0.75]},"firstperson_lefthand":{"rotation":[-10,0,0],"translation":[-1,5.25,0.75]},"ground":{"translation":[0,9.5,0]},"gui":{"rotation":[90,-135,90],"translation":[-0.75,-0.75,0],"scale":[0.92773,0.92773,0.92773]},"head":{"rotation":[0,90,0],"scale":[1.5,1.5,1.5]},"fixed":{"rotation":[0,-90,0],"translation":[0,-0.25,-1.5],"scale":[2.3,2.3,2.3]}}}