{"credit":"MadebyPolygonMC","texture_size":[20,20],"textures":{"0":"deceaseset:animation_1","3":"deceaseset:staff","particle":"deceaseset:animation_1"},"elements":[{"from":[7.44,-0.06,7.44],"to":[8.56,1.06,8.56],"rotation":{"angle":-45,"axis":"x","origin":[8,0.5,8]},"faces":{"north":{"uv":[5.6,8.8,6.4,9.6],"texture":"#3"},"east":{"uv":[9.6,6.4,10.4,7.2],"texture":"#3"},"south":{"uv":[12,5.6,12.8,6.4],"texture":"#3"},"west":{"uv":[9.6,12,10.4,12.8],"texture":"#3"},"up":{"uv":[11.2,12.8,10.4,12],"texture":"#3"},"down":{"uv":[12,12,11.2,12.8],"texture":"#3"}}},{"from":[7.5,0.7,7.5],"to":[8.5,1.7,8.5],"rotation":{"angle":0,"axis":"x","origin":[8,1.2,8]},"faces":{"north":{"uv":[12,12,12.8,12.8],"texture":"#3"},"east":{"uv":[12.8,0,13.6,0.8],"texture":"#3"},"south":{"uv":[12.8,0.8,13.6,1.6],"texture":"#3"},"west":{"uv":[12.8,1.6,13.6,2.4],"texture":"#3"},"up":{"uv":[13.6,3.2,12.8,2.4],"texture":"#3"},"down":{"uv":[4,12.8,3.2,13.6],"texture":"#3"}}},{"from":[7.5,4.7,7.5],"to":[8.5,5.7,8.5],"rotation":{"angle":0,"axis":"x","origin":[8,1.2,8]},"faces":{"north":{"uv":[4,12.8,4.8,13.6],"texture":"#3"},"east":{"uv":[4.8,12.8,5.6,13.6],"texture":"#3"},"south":{"uv":[5.6,12.8,6.4,13.6],"texture":"#3"},"west":{"uv":[12.8,5.6,13.6,6.4],"texture":"#3"},"up":{"uv":[7.2,13.6,6.4,12.8],"texture":"#3"},"down":{"uv":[13.6,6.4,12.8,7.2],"texture":"#3"}}},{"from":[7.5,8.7,7.5],"to":[8.5,11.7,8.5],"rotation":{"angle":0,"axis":"x","origin":[8,5.2,8]},"faces":{"north":{"uv":[8,4.8,8.8,7.2],"texture":"#3"},"east":{"uv":[8,7.2,8.8,9.6],"texture":"#3"},"south":{"uv":[4.8,8.8,5.6,11.2],"texture":"#3"},"west":{"uv":[8.8,4.8,9.6,7.2],"texture":"#3"}}},{"from":[7.5,14.7,7.5],"to":[8.5,15.7,8.5],"rotation":{"angle":0,"axis":"x","origin":[8,5.2,8]},"faces":{"north":{"uv":[7.2,12.8,8,13.6],"texture":"#3"},"east":{"uv":[12.8,7.2,13.6,8],"texture":"#3"},"south":{"uv":[8,12.8,8.8,13.6],"texture":"#3"},"west":{"uv":[12.8,8,13.6,8.8],"texture":"#3"},"up":{"uv":[9.6,13.6,8.8,12.8],"texture":"#3"},"down":{"uv":[13.6,8.8,12.8,9.6],"texture":"#3"}}},{"from":[7.5,2.7,7.5],"to":[8.5,3.7,8.5],"rotation":{"angle":0,"axis":"x","origin":[8,3.2,8]},"faces":{"north":{"uv":[9.6,12.8,10.4,13.6],"texture":"#3"},"east":{"uv":[12.8,9.6,13.6,10.4],"texture":"#3"},"south":{"uv":[10.4,12.8,11.2,13.6],"texture":"#3"},"west":{"uv":[12.8,10.4,13.6,11.2],"texture":"#3"},"up":{"uv":[12,13.6,11.2,12.8],"texture":"#3"},"down":{"uv":[13.6,11.2,12.8,12],"texture":"#3"}}},{"from":[7.4,15.58341,10.34531],"to":[8.6,17.58341,12.34531],"rotation":{"angle":-45,"axis":"x","origin":[8,13.23809,8]},"faces":{"north":{"uv":[8.8,7.2,9.8,8.8],"texture":"#3"},"east":{"uv":[3.2,3.2,4.8,4.8],"texture":"#3"},"south":{"uv":[8.8,8.8,9.8,10.4],"texture":"#3"},"west":{"uv":[3.2,4.8,4.8,6.4],"texture":"#3"},"up":{"uv":[10.6,1.6,9.6,0],"texture":"#3"},"down":{"uv":[10.6,1.6,9.6,3.2],"texture":"#3"}}},{"from":[7.2,17.21908,7.25],"to":[8.8,18.71908,8.75],"rotation":{"angle":45,"axis":"x","origin":[8,17.96908,8]},"faces":{"north":{"uv":[9.6,3.2,10.8,4.4],"texture":"#3"},"east":{"uv":[9.6,4.8,10.8,6],"texture":"#3"},"south":{"uv":[5.6,9.6,6.8,10.8],"texture":"#3"},"west":{"uv":[7.2,9.6,8.4,10.8],"texture":"#3"},"up":{"uv":[1.2,11.6,0,10.4],"texture":"#3"},"down":{"uv":[2.8,10.4,1.6,11.6],"texture":"#3"}}},{"from":[7.6,1.7,7.6],"to":[8.4,4.7,8.4],"rotation":{"angle":0,"axis":"x","origin":[8,2.2,8]},"faces":{"north":{"uv":[3.2,10.4,3.8,12.8],"texture":"#3"},"east":{"uv":[4,10.4,4.6,12.8],"texture":"#3"},"south":{"uv":[10.4,6.4,11,8.8],"texture":"#3"},"west":{"uv":[8.8,10.4,9.4,12.8],"texture":"#3"},"up":{"uv":[9.4,14.2,8.8,13.6],"texture":"#3"},"down":{"uv":[14.2,8.8,13.6,9.4],"texture":"#3"}}},{"from":[8,-1.1,6],"to":[8,0.9,10],"rotation":{"angle":0,"axis":"y","origin":[8,-0.5,6]},"faces":{"north":{"uv":[0,0,0,1.6],"texture":"#3"},"east":{"uv":[3.2,0,6.4,1.6],"texture":"#3"},"south":{"uv":[0,0,0,1.6],"texture":"#3"},"west":{"uv":[3.2,1.6,6.4,3.2],"texture":"#3"},"up":{"uv":[0,3.2,0,0],"texture":"#3"},"down":{"uv":[0,0,0,3.2],"texture":"#3"}}},{"from":[7.41,16.30966,5.64958],"to":[8.59,18.07966,6.82958],"rotation":{"angle":-22.5,"axis":"x","origin":[8,18.98104,5.68503]},"faces":{"north":{"uv":[10.4,8.8,11.4,10.2],"texture":"#3"},"east":{"uv":[9.6,10.4,10.6,11.8],"texture":"#3"},"south":{"uv":[11.2,0,12.2,1.4],"texture":"#3"},"west":{"uv":[11.2,1.6,12.2,3],"texture":"#3"},"up":{"uv":[7.4,12.2,6.4,11.2],"texture":"#3"},"down":{"uv":[12.2,6.4,11.2,7.4],"texture":"#3"}}},{"from":[7.4985,18.65081,5.5552],"to":[8.5015,19.65381,6.9712],"rotation":{"angle":45,"axis":"x","origin":[8,18.98104,5.68503]},"faces":{"north":{"uv":[12,12.8,12.8,13.6],"texture":"#3"},"east":{"uv":[11.2,8,12.4,8.8],"texture":"#3"},"west":{"uv":[12,4.8,13.2,5.6],"texture":"#3"},"up":{"uv":[8.8,12.4,8,11.2],"texture":"#3"},"down":{"uv":[12.8,8.8,12,10],"texture":"#3"}}},{"from":[7.587,18.78842,4.74682],"to":[8.413,19.61442,5.80882],"rotation":{"angle":22.5,"axis":"x","origin":[8,18.98104,5.68503]},"faces":{"north":{"uv":[9.6,13.6,10.2,14.2],"texture":"#3"},"east":{"uv":[7.2,13.6,8,14.2],"texture":"#3"},"west":{"uv":[13.6,7.2,14.4,7.8],"texture":"#3"},"up":{"uv":[8.6,14.4,8,13.6],"texture":"#3"},"down":{"uv":[14.2,8,13.6,8.8],"texture":"#3"}}},{"from":[7.646,18.46617,4.07979],"to":[8.354,19.17417,4.90579],"rotation":{"angle":45,"axis":"x","origin":[8,18.98104,5.68503]},"faces":{"north":{"uv":[13.6,9.6,14.2,10.2],"texture":"#3"},"east":{"uv":[10.4,13.6,11,14.2],"texture":"#3"},"west":{"uv":[13.6,10.4,14.2,11],"texture":"#3"},"up":{"uv":[11.8,14.2,11.2,13.6],"texture":"#3"},"down":{"uv":[14.2,11.2,13.6,11.8],"texture":"#3"}}},{"from":[7.705,20.26704,4.62456],"to":[8.295,21.09304,5.21456],"rotation":{"angle":-22.5,"axis":"x","origin":[8,18.98104,5.68503]},"faces":{"north":{"uv":[14.4,7.2,14.8,7.8],"texture":"#3"},"east":{"uv":[8,14.4,8.4,15],"texture":"#3"},"south":{"uv":[14.4,8,14.8,8.6],"texture":"#3"},"west":{"uv":[8.8,14.4,9.2,15],"texture":"#3"},"up":{"uv":[14.8,9.2,14.4,8.8],"texture":"#3"}}},{"from":[7.75,14.52777,9.28968],"to":[8.25,16.52777,11.28968],"rotation":{"angle":-45,"axis":"x","origin":[8,13.23809,8]},"faces":{"north":{"uv":[12.8,12,13.2,13.6],"texture":"#3"},"east":{"uv":[4.8,3.2,6.4,4.8],"texture":"#3"},"south":{"uv":[0,13.6,0.4,15.2],"texture":"#3"},"west":{"uv":[4.8,4.8,6.4,6.4],"texture":"#3"},"up":{"uv":[14,1.6,13.6,0],"texture":"#3"},"down":{"uv":[1.2,13.6,0.8,15.2],"texture":"#3"}}},{"from":[7.75,15.52777,8.28968],"to":[8.25,16.52777,9.28968],"rotation":{"angle":-45,"axis":"x","origin":[8,13.23809,8]},"faces":{"north":{"uv":[12,13.6,12.4,14.4],"texture":"#3"},"east":{"uv":[1.6,13.6,2.4,14.4],"texture":"#3"},"south":{"uv":[13.6,12,14,12.8],"texture":"#3"},"west":{"uv":[13.6,1.6,14.4,2.4],"texture":"#3"},"up":{"uv":[13.2,14.4,12.8,13.6],"texture":"#3"},"down":{"uv":[14,12.8,13.6,13.6],"texture":"#3"}}},{"from":[7.75,14.52777,7.28968],"to":[8.25,16.52777,8.28968],"rotation":{"angle":-45,"axis":"x","origin":[8,13.23809,8]},"faces":{"north":{"uv":[2.4,13.6,2.8,15.2],"texture":"#3"},"east":{"uv":[11.2,3.2,12,4.8],"texture":"#3"},"south":{"uv":[13.6,2.4,14,4],"texture":"#3"},"west":{"uv":[4.8,11.2,5.6,12.8],"texture":"#3"},"up":{"uv":[14,14.4,13.6,13.6],"texture":"#3"},"down":{"uv":[14.8,0,14.4,0.8],"texture":"#3"}}},{"from":[7.755,13.54045,6.77409],"to":[8.245,14.54045,7.77409],"rotation":{"angle":-22.5,"axis":"x","origin":[8,13.23809,8]},"faces":{"north":{"uv":[14.4,0.8,14.8,1.6],"texture":"#3"},"east":{"uv":[3.2,13.6,4,14.4],"texture":"#3"},"south":{"uv":[1.6,14.4,2,15.2],"texture":"#3"},"west":{"uv":[4,13.6,4.8,14.4],"texture":"#3"},"up":{"uv":[14.8,2.4,14.4,1.6],"texture":"#3"},"down":{"uv":[14.8,2.4,14.4,3.2],"texture":"#3"}}},{"from":[7.75,17.87223,8.28968],"to":[8.25,18.87223,9.28968],"rotation":{"angle":45,"axis":"x","origin":[8,21.16191,8]},"faces":{"north":{"uv":[3.2,14.4,3.6,15.2],"texture":"#3"},"east":{"uv":[13.6,4,14.4,4.8],"texture":"#3"},"south":{"uv":[14.4,3.2,14.8,4],"texture":"#3"},"west":{"uv":[4.8,13.6,5.6,14.4],"texture":"#3"},"up":{"uv":[4.4,15.2,4,14.4],"texture":"#3"},"down":{"uv":[14.8,4,14.4,4.8],"texture":"#3"}}},{"from":[7.75,17.87223,7.28968],"to":[8.25,19.87223,8.28968],"rotation":{"angle":45,"axis":"x","origin":[8,21.16191,8]},"faces":{"north":{"uv":[13.6,4.8,14,6.4],"texture":"#3"},"east":{"uv":[11.2,4.8,12,6.4],"texture":"#3"},"south":{"uv":[5.6,13.6,6,15.2],"texture":"#3"},"west":{"uv":[5.6,11.2,6.4,12.8],"texture":"#3"},"up":{"uv":[5.2,15.2,4.8,14.4],"texture":"#3"},"down":{"uv":[14.8,4.8,14.4,5.6],"texture":"#3"}}},{"from":[7.755,19.85955,6.77409],"to":[8.245,20.85955,7.77409],"rotation":{"angle":22.5,"axis":"x","origin":[8,21.16191,8]},"faces":{"north":{"uv":[14.4,5.6,14.8,6.4],"texture":"#3"},"east":{"uv":[6.4,13.6,7.2,14.4],"texture":"#3"},"south":{"uv":[6.4,14.4,6.8,15.2],"texture":"#3"},"west":{"uv":[13.6,6.4,14.4,7.2],"texture":"#3"},"up":{"uv":[14.8,7.2,14.4,6.4],"texture":"#3"},"down":{"uv":[7.6,14.4,7.2,15.2],"texture":"#3"}}},{"from":[7.4,11.7,7.4],"to":[8.6,14.7,8.6],"rotation":{"angle":0,"axis":"y","origin":[7,9.4,7]},"faces":{"north":{"uv":[4.8,6.4,5.8,8.8],"texture":"#3"},"east":{"uv":[6.4,4.8,7.4,7.2],"texture":"#3"},"south":{"uv":[6.4,7.2,7.4,9.6],"texture":"#3"},"west":{"uv":[0,8,1,10.4],"texture":"#3"},"up":{"uv":[12.2,11.4,11.2,10.4],"texture":"#3"},"down":{"uv":[1,12,0,13],"texture":"#3"}}},{"from":[7.4,5.7,7.4],"to":[8.6,8.7,8.6],"rotation":{"angle":0,"axis":"y","origin":[7,3.4,7]},"faces":{"north":{"uv":[8,0,9,2.4],"texture":"#3"},"east":{"uv":[1.6,8,2.6,10.4],"texture":"#3"},"south":{"uv":[8,2.4,9,4.8],"texture":"#3"},"west":{"uv":[3.2,8,4.2,10.4],"texture":"#3"},"up":{"uv":[2.6,13,1.6,12],"texture":"#3"},"down":{"uv":[13,3.2,12,4.2],"texture":"#3"}}},{"from":[6.85,18.15,4.5],"to":[6.85,25.15,11.5],"rotation":{"angle":0,"axis":"y","origin":[7.75,9.75,4.5]},"faces":{"north":{"uv":[0,0,0,14],"texture":"#0"},"south":{"uv":[0,0,0,14],"texture":"#0"},"west":{"uv":[0,0,14,14],"texture":"#0"},"up":{"uv":[0,14,0,0],"texture":"#0"},"down":{"uv":[0,0,0,14],"texture":"#0"}}},{"from":[9.15,18.15,4.5],"to":[9.15,25.15,11.5],"rotation":{"angle":0,"axis":"y","origin":[8.25,9.75,4.5]},"faces":{"north":{"uv":[0,0,0,14],"texture":"#0"},"east":{"uv":[14,0,0,14],"texture":"#0"},"south":{"uv":[0,0,0,14],"texture":"#0"},"up":{"uv":[0,14,0,0],"texture":"#0"},"down":{"uv":[0,0,0,14],"texture":"#0"}}},{"from":[7,20.4,7],"to":[9,22.4,9],"rotation":{"angle":-45,"axis":"x","origin":[8,21.4,8]},"faces":{"north":{"uv":[6.4,1.6,8,3.2],"texture":"#3"},"east":{"uv":[6.4,1.6,8,3.2],"texture":"#3"},"south":{"uv":[6.4,1.6,8,3.2],"texture":"#3"},"west":{"uv":[6.4,1.6,8,3.2],"texture":"#3"},"up":{"uv":[6.4,1.6,8,3.2],"texture":"#3"},"down":{"uv":[6.4,1.6,8,3.2],"texture":"#3"}}},{"from":[8,17.25,2.75],"to":[8,25.25,6.75],"rotation":{"angle":0,"axis":"y","origin":[8,17.25,2.75]},"faces":{"north":{"uv":[0,0,0,6.4],"texture":"#3"},"east":{"uv":[3.2,0,0,6.4],"texture":"#3"},"south":{"uv":[0,0,0,6.4],"texture":"#3"},"west":{"uv":[0,0,3.2,6.4],"texture":"#3"},"up":{"uv":[0,3.2,0,0],"texture":"#3"},"down":{"uv":[0,0,0,3.2],"texture":"#3"}}},{"from":[8,17.25,9.25],"to":[8,25.25,13.25],"rotation":{"angle":0,"axis":"y","origin":[8,17.25,13.25]},"faces":{"north":{"uv":[0,0,0,6.4],"texture":"#3"},"east":{"uv":[0,0,3.2,6.4],"texture":"#3"},"south":{"uv":[0,0,0,6.4],"texture":"#3"},"west":{"uv":[3.2,0,0,6.4],"texture":"#3"},"up":{"uv":[0,0,0,3.2],"texture":"#3"},"down":{"uv":[0,3.2,0,0],"texture":"#3"}}},{"from":[7.705,20.26704,10.78544],"to":[8.295,21.09304,11.37544],"rotation":{"angle":22.5,"axis":"x","origin":[8,18.98104,10.31497]},"faces":{"north":{"uv":[14.8,8,14.4,8.6],"texture":"#3"},"east":{"uv":[8.4,14.4,8,15],"texture":"#3"},"south":{"uv":[14.8,7.2,14.4,7.8],"texture":"#3"},"west":{"uv":[9.2,14.4,8.8,15],"texture":"#3"},"up":{"uv":[14.8,8.8,14.4,9.2],"texture":"#3"}}},{"from":[7.646,18.46617,11.09421],"to":[8.354,19.17417,11.92021],"rotation":{"angle":-45,"axis":"x","origin":[8,18.98104,10.31497]},"faces":{"east":{"uv":[11,13.6,10.4,14.2],"texture":"#3"},"south":{"uv":[14.2,9.6,13.6,10.2],"texture":"#3"},"west":{"uv":[14.2,10.4,13.6,11],"texture":"#3"},"up":{"uv":[11.8,13.6,11.2,14.2],"texture":"#3"},"down":{"uv":[14.2,11.8,13.6,11.2],"texture":"#3"}}},{"from":[7.587,18.78842,10.19118],"to":[8.413,19.61442,11.25318],"rotation":{"angle":-22.5,"axis":"x","origin":[8,18.98104,10.31497]},"faces":{"east":{"uv":[8,13.6,7.2,14.2],"texture":"#3"},"south":{"uv":[10.2,13.6,9.6,14.2],"texture":"#3"},"west":{"uv":[14.4,7.2,13.6,7.8],"texture":"#3"},"up":{"uv":[8.6,13.6,8,14.4],"texture":"#3"},"down":{"uv":[14.2,8.8,13.6,8],"texture":"#3"}}},{"from":[7.75,17.87223,7.71032],"to":[8.25,19.87223,8.71032],"rotation":{"angle":-45,"axis":"x","origin":[8,21.16191,8]},"faces":{"north":{"uv":[6,13.6,5.6,15.2],"texture":"#3"},"east":{"uv":[12,4.8,11.2,6.4],"texture":"#3"},"south":{"uv":[14,4.8,13.6,6.4],"texture":"#3"},"west":{"uv":[6.4,11.2,5.6,12.8],"texture":"#3"},"up":{"uv":[5.2,14.4,4.8,15.2],"texture":"#3"},"down":{"uv":[14.8,5.6,14.4,4.8],"texture":"#3"}}},{"from":[7.755,19.85955,8.22591],"to":[8.245,20.85955,9.22591],"rotation":{"angle":-22.5,"axis":"x","origin":[8,21.16191,8]},"faces":{"north":{"uv":[6.8,14.4,6.4,15.2],"texture":"#3"},"east":{"uv":[7.2,13.6,6.4,14.4],"texture":"#3"},"south":{"uv":[14.8,5.6,14.4,6.4],"texture":"#3"},"west":{"uv":[14.4,6.4,13.6,7.2],"texture":"#3"},"up":{"uv":[14.8,6.4,14.4,7.2],"texture":"#3"},"down":{"uv":[7.6,15.2,7.2,14.4],"texture":"#3"}}},{"from":[7.4985,18.65081,9.0288],"to":[8.5015,19.65381,10.4448],"rotation":{"angle":-45,"axis":"x","origin":[8,18.98104,10.31497]},"faces":{"east":{"uv":[12.4,8,11.2,8.8],"texture":"#3"},"south":{"uv":[12.8,12.8,12,13.6],"texture":"#3"},"west":{"uv":[13.2,4.8,12,5.6],"texture":"#3"},"up":{"uv":[8.8,11.2,8,12.4],"texture":"#3"},"down":{"uv":[12.8,10,12,8.8],"texture":"#3"}}},{"from":[7.75,17.87223,6.71032],"to":[8.25,18.87223,7.71032],"rotation":{"angle":-45,"axis":"x","origin":[8,21.16191,8]},"faces":{"north":{"uv":[14.8,3.2,14.4,4],"texture":"#3"},"east":{"uv":[14.4,4,13.6,4.8],"texture":"#3"},"south":{"uv":[3.6,14.4,3.2,15.2],"texture":"#3"},"west":{"uv":[5.6,13.6,4.8,14.4],"texture":"#3"},"up":{"uv":[4.4,14.4,4,15.2],"texture":"#3"},"down":{"uv":[14.8,4.8,14.4,4],"texture":"#3"}}},{"from":[7.41,16.30966,9.17042],"to":[8.59,18.07966,10.35042],"rotation":{"angle":22.5,"axis":"x","origin":[8,18.98104,10.31497]},"faces":{"north":{"uv":[12.2,0,11.2,1.4],"texture":"#3"},"east":{"uv":[10.6,10.4,9.6,11.8],"texture":"#3"},"south":{"uv":[11.4,8.8,10.4,10.2],"texture":"#3"},"west":{"uv":[12.2,1.6,11.2,3],"texture":"#3"},"up":{"uv":[7.4,11.2,6.4,12.2],"texture":"#3"},"down":{"uv":[12.2,7.4,11.2,6.4],"texture":"#3"}}},{"from":[7.75,15.52777,6.71032],"to":[8.25,16.52777,7.71032],"rotation":{"angle":45,"axis":"x","origin":[8,13.23809,8]},"faces":{"north":{"uv":[14,12,13.6,12.8],"texture":"#3"},"east":{"uv":[2.4,13.6,1.6,14.4],"texture":"#3"},"south":{"uv":[12.4,13.6,12,14.4],"texture":"#3"},"west":{"uv":[14.4,1.6,13.6,2.4],"texture":"#3"},"up":{"uv":[13.2,13.6,12.8,14.4],"texture":"#3"},"down":{"uv":[14,13.6,13.6,12.8],"texture":"#3"}}},{"from":[7.75,14.52777,7.71032],"to":[8.25,16.52777,8.71032],"rotation":{"angle":45,"axis":"x","origin":[8,13.23809,8]},"faces":{"north":{"uv":[14,2.4,13.6,4],"texture":"#3"},"east":{"uv":[12,3.2,11.2,4.8],"texture":"#3"},"south":{"uv":[2.8,13.6,2.4,15.2],"texture":"#3"},"west":{"uv":[5.6,11.2,4.8,12.8],"texture":"#3"},"up":{"uv":[14,13.6,13.6,14.4],"texture":"#3"},"down":{"uv":[14.8,0.8,14.4,0],"texture":"#3"}}},{"from":[7.755,13.54045,8.22591],"to":[8.245,14.54045,9.22591],"rotation":{"angle":22.5,"axis":"x","origin":[8,13.23809,8]},"faces":{"north":{"uv":[2,14.4,1.6,15.2],"texture":"#3"},"east":{"uv":[4,13.6,3.2,14.4],"texture":"#3"},"south":{"uv":[14.8,0.8,14.4,1.6],"texture":"#3"},"west":{"uv":[4.8,13.6,4,14.4],"texture":"#3"},"up":{"uv":[14.8,1.6,14.4,2.4],"texture":"#3"},"down":{"uv":[14.8,3.2,14.4,2.4],"texture":"#3"}}}],"gui_light":"front","display":{"thirdperson_righthand":{"translation":[0,-3.75,1]},"thirdperson_lefthand":{"translation":[0,-3.75,1]},"firstperson_righthand":{"rotation":[-10,22,0],"translation":[-2,-1.75,2.5]},"firstperson_lefthand":{"rotation":[-10,22,0],"translation":[-2,-1.75,2.5]},"ground":{"translation":[0,9.5,0]},"gui":{"rotation":[90,-135,90],"translation":[-2.75,-2.75,0],"scale":[0.81445,0.81445,0.81445]},"head":{"rotation":[0,90,0],"scale":[1.5,1.5,1.5]},"fixed":{"rotation":[0,-90,0],"translation":[0,-0.25,-1.5],"scale":[2.3,2.3,2.3]}}}